power(kW),odometer,trip_distance(km),quantity(kWh),city,motor_way,country_roads,consumption(kWh/100km),A/C,park_heating,ecr_deviation,encoded_driving_style,encoded_tire_type
49.0,176977.0,50.7,6.5,True,False,True,12.60933549432739,False,0.0,-2.3906645056726092,0.0,1
49.0,176926.0,49.9,7.3,True,False,True,14.63,False,0.0,-0.3699999999999992,0.0,1
49.0,176876.0,51.5,7.1,True,False,True,13.79,False,0.0,-1.2100000000000009,0.0,1
49.0,176824.0,52.5,7.4,True,False,True,14.1,False,0.0,-0.9000000000000004,0.0,1
49.0,176771.0,15.4,6.5,True,False,True,14.47,False,0.0,-0.5299999999999994,0.0,1
49.0,176756.0,30.0,3.55,True,False,True,14.47,False,0.0,-0.5299999999999994,0.0,1
49.0,176726.0,40.6,3.9,True,True,True,14.47,False,0.0,-0.5299999999999994,0.0,1
49.0,176685.0,49.6,4.09,True,True,True,14.47,False,0.0,-0.5299999999999994,0.0,1
49.0,176636.0,31.0,6.042584269662921,True,False,True,12.60933549432739,False,0.0,-2.3906645056726092,0.0,1
49.0,176605.0,19.9,5.2,True,False,True,14.57,False,0.0,-0.4299999999999997,0.0,1
49.0,176585.0,35.0,2.8,True,False,True,14.57,False,0.0,-0.4299999999999997,0.0,1
49.0,176550.0,49.7,7.2,True,False,True,14.49,False,0.0,-0.5099999999999998,0.0,1
49.0,176501.0,48.8,7.3,True,False,True,14.96,False,0.0,-0.0399999999999991,0.0,1
49.0,176452.0,49.7,7.0,True,False,True,14.08,False,0.0,-0.92,0.0,1
49.0,176402.0,32.7,4.7,True,True,True,15.51,False,0.0,0.5099999999999998,0.0,1
49.0,176368.0,37.6,0.37,True,True,True,15.51,False,0.0,0.5099999999999998,0.0,1
49.0,176331.0,52.7,8.1,True,False,True,14.86,False,0.0,-0.1400000000000005,0.0,1
49.0,176278.0,48.9,7.0,True,False,True,14.86,False,0.0,-0.1400000000000005,0.0,1
49.0,176229.0,50.9,7.8,True,False,True,15.32,False,0.0,0.3200000000000003,0.0,1
49.0,176178.0,52.2,7.9,True,False,True,15.13,False,0.0,0.1300000000000007,0.0,1
49.0,176126.0,50.7,7.6,True,False,True,14.99,False,0.0,-0.0099999999999997,0.0,1
49.0,176075.0,62.9,8.9,True,True,True,14.66,False,0.0,-0.3399999999999998,0.0,1
49.0,176012.0,60.1,7.9,True,True,True,14.66,False,0.0,-0.3399999999999998,0.0,1
49.0,175951.0,18.2,2.92,True,False,True,16.04,False,0.0,1.0399999999999991,0.0,1
49.0,175850.0,49.8,7.6,True,False,True,15.26,False,0.0,0.2599999999999998,0.0,1
49.0,175801.0,20.0,5.9,True,False,True,13.95,False,0.0,-1.0500000000000007,0.0,1
49.0,175781.0,35.2,1.8,True,False,True,13.95,False,0.0,-1.0500000000000007,0.0,1
49.0,175745.0,46.6,6.5,True,False,True,13.95,False,0.0,-1.0500000000000007,0.0,1
49.0,175699.0,31.3,3.8,True,True,True,12.14,False,0.0,-2.8599999999999994,0.0,1
49.0,175667.0,36.1,5.43,True,True,True,15.04,False,0.0,0.0399999999999991,0.0,1
49.0,175631.0,62.4,6.6,True,True,True,13.61,False,0.0,-1.3900000000000006,0.0,1
49.0,175568.0,23.3,5.9,True,True,True,16.29,False,0.0,1.2899999999999991,0.0,1
49.0,175544.0,35.3,2.69,True,True,True,16.29,False,0.0,1.2899999999999991,0.0,1
49.0,175509.0,52.5,8.14,True,False,True,15.5,False,0.0,0.5,0.0,1
49.0,175456.0,52.6,7.62,True,False,True,14.49,False,0.0,-0.5099999999999998,0.0,1
49.0,175404.0,48.8,7.1,True,False,True,14.55,False,0.0,-0.4499999999999993,0.0,1
49.0,175355.0,47.3,6.94,True,False,True,14.67,False,0.0,-0.33,0.0,1
49.0,175307.0,48.3,6.8,True,False,True,14.08,False,0.0,-0.92,0.0,1
49.0,175259.0,23.2,6.7,True,True,True,14.85,False,0.0,-0.1500000000000003,2.0,1
49.0,175236.0,54.5,4.84,True,True,True,14.85,False,0.0,-0.1500000000000003,0.0,1
49.0,175181.0,45.3,6.2,True,False,True,13.69,False,0.0,-1.3100000000000005,0.0,1
49.0,175136.0,21.9,3.67,True,True,True,16.35,False,0.0,1.3500000000000014,0.0,1
49.0,175114.0,25.8,2.4,True,True,True,16.35,False,0.0,1.3500000000000014,0.0,1
49.0,175088.0,47.5,6.91,True,False,True,14.55,False,0.0,-0.4499999999999993,0.0,1
49.0,175040.0,63.9,9.36,True,True,True,14.65,False,0.0,-0.3499999999999996,0.0,1
49.0,174976.0,22.0,5.8,True,True,True,14.45,False,0.0,-0.5500000000000007,0.0,1
49.0,174954.0,54.4,5.24,True,True,True,14.45,False,0.0,-0.5500000000000007,0.0,1
49.0,174900.0,65.3,6.042584269662921,True,False,True,12.60933549432739,False,0.0,-2.3906645056726092,0.0,1
49.0,174809.0,45.1,6.51,True,True,True,14.43,False,0.0,-0.5700000000000003,0.0,1
49.0,174764.0,66.7,9.83,True,True,True,14.74,False,0.0,-0.2599999999999998,0.0,1
49.0,174697.0,41.7,9.34,True,True,True,14.92,False,0.0,-0.08,0.0,1
49.0,174655.0,31.9,1.64,True,True,True,14.92,False,0.0,-0.08,0.0,1
49.0,174623.0,53.1,7.66,True,False,True,14.43,False,0.0,-0.5700000000000003,0.0,1
49.0,174570.0,52.2,8.16,True,False,True,14.27,False,0.0,-0.7300000000000004,0.0,1
49.0,174518.0,16.4,1.62,True,False,True,14.27,False,0.0,-0.7300000000000004,0.0,1
49.0,174454.0,49.9,7.93,True,False,True,15.89,False,0.0,0.8900000000000006,0.0,1
49.0,174404.0,68.1,9.96,True,True,True,14.63,False,0.0,-0.3699999999999992,0.0,1
49.0,174336.0,55.9,8.4,True,False,True,15.03,False,0.0,0.0299999999999993,0.0,1
49.0,174280.0,47.5,6.89,True,False,True,14.51,False,0.0,-0.4900000000000002,0.0,1
49.0,174232.0,61.2,6.042584269662921,True,False,True,12.60933549432739,False,0.0,-2.3906645056726092,0.0,1
49.0,174167.0,28.9,2.56,True,False,True,12.81,False,0.0,-2.1899999999999995,0.0,1
49.0,174138.0,44.0,2.25,False,True,True,12.81,False,0.0,-2.1899999999999995,0.0,1
49.0,174094.0,12.5,3.82,True,False,True,12.81,False,0.0,-2.1899999999999995,0.0,1
49.0,174082.0,18.5,4.0,True,True,True,12.81,False,0.0,-2.1899999999999995,0.0,1
49.0,174063.0,74.4,4.0,True,True,True,12.81,False,0.0,-2.1899999999999995,0.0,1
49.0,173989.0,50.9,8.18,True,False,True,14.84,False,0.0,-0.1600000000000001,0.0,1
49.0,173938.0,52.6,7.18,True,False,True,14.84,False,0.0,-0.1600000000000001,0.0,1
49.0,173885.0,51.6,6.48,True,False,True,12.56,False,0.0,-2.4399999999999995,0.0,1
49.0,173833.0,24.8,6.44,True,True,True,13.75,False,0.0,-1.25,0.0,1
49.0,173809.0,39.7,2.43,True,True,True,13.75,False,0.0,-1.25,0.0,1
49.0,173769.0,31.2,5.16,True,True,True,16.54,False,0.0,1.5399999999999991,0.0,1
49.0,173685.0,49.5,7.27,True,False,True,14.69,False,0.0,-0.3100000000000005,0.0,1
49.0,173636.0,51.2,7.92,True,False,True,13.92,False,0.0,-1.08,0.0,1
49.0,173584.0,54.1,7.4,True,False,True,13.92,False,0.0,-1.08,0.0,1
49.0,173530.0,47.5,5.95,True,False,True,13.92,False,0.0,-1.08,0.0,1
49.0,173483.0,31.3,9.1,True,True,True,14.08,False,0.0,-0.92,0.0,1
49.0,173451.0,48.2,2.09,True,True,True,14.08,False,0.0,-0.92,0.0,1
49.0,173403.0,16.3,3.56,True,False,True,14.68,False,0.0,-0.3200000000000003,0.0,1
49.0,173387.0,35.2,4.0,True,False,True,14.68,False,0.0,-0.3200000000000003,0.0,1
49.0,173296.0,9.9,5.68,True,True,True,13.48,False,0.0,-1.5199999999999996,0.0,1
49.0,173286.0,50.8,2.5,True,True,True,13.48,False,0.0,-1.5199999999999996,0.0,1
49.0,173235.0,29.0,4.02,True,True,True,13.86,False,0.0,-1.1400000000000006,0.0,1
49.0,173206.0,25.4,6.48,True,False,True,12.60933549432739,False,0.0,-2.3906645056726092,0.0,1
49.0,173180.0,48.2,6.042584269662921,True,False,True,12.60933549432739,False,0.0,-2.3906645056726092,0.0,1
49.0,173131.0,13.0,3.4,False,False,True,13.19,False,0.0,-1.8100000000000005,0.0,1
49.0,173118.0,68.4,4.5,True,True,True,13.19,False,0.0,-1.8100000000000005,0.0,1
49.0,173049.0,15.9,7.15,True,False,True,14.0,False,0.0,-1.0,0.0,0
49.0,173033.0,18.3,2.5,True,True,True,14.0,False,0.0,-1.0,0.0,0
49.0,173015.0,49.0,2.0,True,True,True,14.0,False,0.0,-1.0,0.0,0
49.0,172966.0,54.5,7.7,True,False,True,14.13,False,0.0,-0.8699999999999992,0.0,0
49.0,172911.0,47.2,6.6,True,False,True,13.98,False,0.0,-1.0199999999999996,0.0,0
49.0,172814.0,47.8,6.2,True,False,True,12.97,False,0.0,-2.03,0.0,0
49.0,172765.0,47.0,6.042584269662921,True,False,True,12.60933549432739,False,0.0,-2.3906645056726092,0.0,0
49.0,172718.0,35.3,8.5,True,True,True,13.61,False,0.0,-1.3900000000000006,0.0,0
49.0,172683.0,18.4,4.2,True,False,True,13.61,False,0.0,-1.3900000000000006,0.0,0
49.0,172664.0,53.2,1.85,True,True,True,13.61,False,0.0,-1.3900000000000006,2.0,0
49.0,172611.0,47.3,6.43,True,False,True,13.59,False,0.0,-1.41,0.0,0
49.0,172564.0,47.6,6.21,True,False,True,13.05,False,0.0,-1.9499999999999995,0.0,0
49.0,172516.0,50.1,7.0,True,False,True,13.97,False,0.0,-1.0299999999999994,0.0,0
49.0,172466.0,47.3,6.042584269662921,True,False,True,12.60933549432739,False,0.0,-2.3906645056726092,0.0,0
49.0,172419.0,47.0,6.12,True,False,True,13.02,False,0.0,-1.9800000000000004,0.0,0
49.0,172372.0,64.2,8.73,True,True,True,13.6,False,0.0,-1.4000000000000004,0.0,0
49.0,172307.0,22.0,5.23,True,True,True,13.66,False,0.0,-1.34,0.0,0
49.0,172285.0,47.4,4.25,True,True,True,13.66,False,0.0,-1.34,2.0,0
49.0,172238.0,49.3,7.12,True,False,True,14.44,False,0.0,-0.5600000000000005,0.0,0
49.0,172188.0,47.2,6.27,True,False,True,13.28,False,0.0,-1.7200000000000006,0.0,0
49.0,172141.0,17.7,3.97,True,False,True,13.93,False,0.0,-1.0700000000000005,0.0,0
49.0,172124.0,34.5,3.3,True,False,True,13.93,False,0.0,-1.0700000000000005,0.0,0
49.0,172089.0,47.2,6.042584269662921,True,False,True,12.60933549432739,False,0.0,-2.3906645056726092,0.0,0
49.0,172042.0,48.2,6.6,True,False,True,13.69,False,0.0,-1.3100000000000005,0.0,0
49.0,171993.0,48.1,8.32,True,True,True,12.47,False,0.0,-2.53,0.0,0
49.0,171945.0,55.8,4.64,True,True,True,12.47,False,0.0,-2.53,0.0,0
49.0,171890.0,48.9,6.4,True,False,True,13.09,False,0.0,-1.91,0.0,0
49.0,171841.0,47.0,7.0,True,False,True,14.89,False,0.0,-0.1099999999999994,0.0,0
49.0,171793.0,47.6,6.042584269662921,True,False,True,12.60933549432739,False,0.0,-2.3906645056726092,0.0,0
49.0,171746.0,47.4,6.5,True,False,True,13.71,False,0.0,-1.2899999999999991,0.0,0
49.0,171698.0,20.2,3.51,True,False,True,13.21,False,0.0,-1.7899999999999991,0.0,0
49.0,171678.0,35.9,3.9,True,False,True,13.21,False,0.0,-1.7899999999999991,0.0,0
49.0,171642.0,31.9,3.47,False,True,True,10.88,False,0.0,-4.119999999999999,0.0,0
49.0,171610.0,33.5,5.0,False,True,True,14.93,False,0.0,-0.0700000000000002,0.0,0
49.0,171577.0,40.0,5.2,False,True,True,13.9,False,0.0,-1.0999999999999996,0.0,0
49.0,171537.0,33.4,5.0,False,True,True,13.9,False,0.0,-1.0999999999999996,2.0,0
49.0,171503.0,48.9,6.51,True,False,True,13.31,False,0.0,-1.6899999999999995,0.0,0
49.0,171454.0,49.4,6.21,True,False,True,12.57,False,0.0,-2.43,0.0,0
49.0,171405.0,53.5,6.68,True,False,True,12.49,False,0.0,-2.51,0.0,0
49.0,171351.0,47.8,6.18,True,False,True,12.93,False,0.0,-2.0700000000000003,0.0,0
49.0,171304.0,68.7,8.52,False,True,True,12.4,False,0.0,-2.6,0.0,0
49.0,171235.0,16.2,6.042584269662921,True,False,True,12.60933549432739,False,0.0,-2.3906645056726092,0.0,0
49.0,171219.0,35.0,2.2,True,False,True,12.60933549432739,False,0.0,-2.3906645056726092,0.0,0
49.0,171184.0,47.5,6.05,True,False,True,12.74,False,0.0,-2.26,0.0,0
49.0,171136.0,46.6,6.21,True,False,True,13.33,False,0.0,-1.67,0.0,0
49.0,171089.0,50.5,6.51,True,False,True,12.89,False,0.0,-2.1099999999999994,0.0,0
49.0,171039.0,10.5,7.16,False,True,True,10.43,False,0.0,-4.57,0.0,0
49.0,171028.0,30.2,3.2,False,True,False,10.43,False,0.0,-4.57,0.0,0
49.0,170998.0,44.3,3.15,False,True,False,10.43,False,0.0,-4.57,0.0,0
49.0,170954.0,60.0,5.67,True,True,True,10.43,False,0.0,-4.57,0.0,0
49.0,170894.0,57.8,5.7,True,True,False,10.43,False,0.0,-4.57,0.0,0
49.0,170836.0,49.0,2.9,False,True,False,10.43,False,0.0,-4.57,0.0,0
49.0,170787.0,24.2,5.01,True,True,False,10.43,False,0.0,-4.57,0.0,0
49.0,170763.0,37.1,3.26,True,True,True,10.43,False,0.0,-4.57,0.0,0
49.0,170726.0,25.6,2.02,False,True,False,10.43,False,0.0,-4.57,0.0,0
49.0,170700.0,74.4,5.03,False,True,True,10.43,False,0.0,-4.57,0.0,0
49.0,170626.0,86.1,10.44,True,False,True,11.72,False,0.0,-3.28,1.0,0
49.0,170540.0,47.6,5.2,True,False,True,11.72,False,0.0,-3.28,0.0,0
49.0,170492.0,17.7,2.1,True,False,True,11.72,False,0.0,-3.28,0.0,0
49.0,170474.0,43.2,4.8,True,False,True,11.11,False,0.0,-3.890000000000001,0.0,0
49.0,170431.0,51.0,6.9,True,True,True,13.81,False,0.0,-1.1899999999999995,2.0,0
49.0,170380.0,17.8,2.6,True,False,True,13.81,False,0.0,-1.1899999999999995,0.0,0
49.0,170362.0,18.2,2.31,True,False,True,12.69,False,0.0,-2.3100000000000005,0.0,0
49.0,170298.0,58.4,5.93,False,True,False,11.62,False,0.0,-3.380000000000001,1.0,0
49.0,170240.0,17.9,2.8,False,True,False,11.62,False,0.0,-3.380000000000001,0.0,0
49.0,170222.0,36.9,4.04,False,True,False,11.62,False,0.0,-3.380000000000001,0.0,0
49.0,170185.0,43.5,3.8,True,True,False,11.62,False,0.0,-3.380000000000001,0.0,0
49.0,170142.0,40.2,5.11,False,True,False,11.62,False,0.0,-3.380000000000001,0.0,0
49.0,170101.0,24.5,3.25,True,True,False,11.62,False,0.0,-3.380000000000001,0.0,0
49.0,170077.0,44.1,5.2,True,True,False,11.62,False,0.0,-3.380000000000001,0.0,0
49.0,170033.0,61.3,5.4,True,True,False,11.62,False,0.0,-3.380000000000001,0.0,0
49.0,169972.0,85.4,6.48,False,True,True,11.62,False,0.0,-3.380000000000001,0.0,0
49.0,169886.0,32.3,4.92,True,True,True,12.53,False,0.0,-2.4700000000000006,0.0,0
49.0,169854.0,34.9,3.5,True,True,True,12.53,False,0.0,-2.4700000000000006,0.0,0
49.0,169819.0,31.1,9.36,True,True,True,13.37,False,0.0,-1.6300000000000008,0.0,0
49.0,169788.0,41.8,3.74,True,True,True,13.37,False,0.0,-1.6300000000000008,0.0,0
49.0,169746.0,40.0,2.0,True,True,True,13.37,False,0.0,-1.6300000000000008,0.0,0
49.0,169706.0,46.9,6.1,True,False,True,13.01,False,0.0,-1.99,0.0,0
49.0,169659.0,10.6,5.66,False,True,True,10.65,False,0.0,-4.35,0.0,0
49.0,169648.0,30.1,3.47,False,True,False,10.65,False,0.0,-4.35,0.0,0
49.0,169618.0,38.3,3.73,False,True,False,10.65,False,0.0,-4.35,0.0,0
49.0,169580.0,28.1,3.07,False,True,False,10.65,False,0.0,-4.35,0.0,0
49.0,169552.0,89.6,5.01,False,True,True,10.65,False,0.0,-4.35,0.0,0
49.0,169462.0,40.7,9.9,False,False,True,11.23,False,0.0,-3.77,0.0,0
49.0,169422.0,13.9,2.75,False,True,False,11.23,False,0.0,-3.77,0.0,0
49.0,169408.0,58.2,5.56,False,True,True,11.23,False,0.0,-3.77,0.0,0
49.0,169349.0,26.5,2.73,False,True,False,11.23,False,0.0,-3.77,0.0,0
49.0,169323.0,80.4,3.73,False,True,True,11.23,False,0.0,-3.77,0.0,0
49.0,169242.0,17.7,3.73,True,False,True,12.58,False,0.0,-2.42,0.0,0
49.0,169225.0,34.2,2.8,True,False,True,12.58,False,0.0,-2.42,0.0,0
49.0,169190.0,46.3,6.9,True,False,True,12.96,False,0.0,-2.039999999999999,0.0,0
49.0,169144.0,47.6,5.27,True,False,True,12.96,False,0.0,-2.039999999999999,0.0,0
49.0,169096.0,48.8,6.95,True,False,True,13.2,False,0.0,-1.8000000000000007,0.0,0
49.0,169048.0,28.4,3.24,True,False,True,13.2,False,0.0,-1.8000000000000007,0.0,0
49.0,169019.0,31.9,3.39,True,True,True,10.63,False,0.0,-4.369999999999999,0.0,0
49.0,168986.0,32.1,6.042584269662921,True,True,True,12.60933549432739,False,0.0,-2.3906645056726092,2.0,0
49.0,168954.0,31.1,8.61,True,True,True,12.71,False,0.0,-2.289999999999999,0.0,0
49.0,168923.0,59.5,4.53,True,True,True,12.71,False,0.0,-2.289999999999999,0.0,0
49.0,168864.0,31.8,2.42,True,False,True,12.71,False,0.0,-2.289999999999999,0.0,0
49.0,168832.0,33.9,3.84,True,True,True,11.33,False,0.0,-3.67,0.0,0
49.0,168796.0,38.1,1.18,True,True,True,13.22,False,0.0,-1.7799999999999994,0.0,0
49.0,168758.0,51.6,8.4,True,True,True,11.35,False,0.0,-3.65,0.0,0
49.0,168706.0,38.6,1.84,True,True,True,11.35,False,0.0,-3.65,0.0,0
49.0,168668.0,50.5,9.56,True,True,True,11.67,False,0.0,-3.33,0.0,0
49.0,168617.0,24.8,2.1,True,True,True,11.67,False,0.0,-3.33,0.0,0
49.0,168592.0,58.6,3.97,True,True,True,11.67,False,0.0,-3.33,0.0,0
49.0,168442.0,50.6,8.59,True,True,True,11.61,False,0.0,-3.390000000000001,0.0,0
49.0,168392.0,40.6,2.0,True,True,True,11.61,False,0.0,-3.390000000000001,0.0,0
49.0,168351.0,44.3,5.2,True,True,True,11.74,False,0.0,-3.26,0.0,0
49.0,168307.0,37.7,4.1,True,True,True,10.88,False,0.0,-4.119999999999999,0.0,0
49.0,168269.0,35.9,5.27,True,True,True,14.68,False,0.0,-0.3200000000000003,0.0,0
49.0,168142.0,52.9,8.85,True,True,True,11.33,False,0.0,-3.67,0.0,0
49.0,168089.0,39.8,1.65,True,True,True,11.33,False,0.0,-3.67,0.0,0
49.0,168049.0,35.7,8.97,True,True,True,11.07,False,0.0,-3.93,0.0,0
49.0,168013.0,68.0,5.01,True,True,True,11.07,False,0.0,-3.93,0.0,0
49.0,167945.0,40.6,2.0,True,True,True,11.07,False,0.0,-3.93,0.0,0
49.0,167905.0,88.9,10.12,True,True,True,11.38,False,0.0,-3.619999999999999,0.0,0
49.0,167816.0,10.4,6.88,True,False,True,11.46,False,0.0,-3.539999999999999,0.0,0
49.0,167805.0,11.9,3.75,True,True,True,11.46,False,0.0,-3.539999999999999,0.0,0
49.0,167793.0,80.9,1.2,True,True,True,11.46,False,0.0,-3.539999999999999,0.0,0
49.0,167712.0,44.2,5.41,True,True,True,12.24,False,0.0,-2.76,0.0,0
49.0,167668.0,32.1,4.34,True,True,True,11.52,False,0.0,-3.4800000000000004,0.0,0
49.0,167636.0,29.1,7.88,True,True,True,11.52,False,0.0,-3.4800000000000004,0.0,0
49.0,167607.0,45.0,4.22,True,True,True,11.52,False,0.0,-3.4800000000000004,0.0,0
49.0,167562.0,47.5,1.26,True,True,True,11.52,False,0.0,-3.4800000000000004,0.0,0
49.0,167514.0,49.2,5.83,True,True,True,12.26,False,0.0,-2.74,0.0,0
49.0,167465.0,32.6,4.2,True,True,True,12.26,False,0.0,-2.74,0.0,0
49.0,167433.0,34.2,3.66,True,True,True,11.94,False,0.0,-3.0600000000000005,0.0,0
49.0,167398.0,48.1,9.5,True,True,True,11.94,False,0.0,-3.0600000000000005,0.0,0
49.0,167350.0,54.8,5.27,True,True,True,11.94,False,0.0,-3.0600000000000005,0.0,0
49.0,167295.0,13.5,0.83,True,True,True,11.94,False,0.0,-3.0600000000000005,0.0,0
49.0,167282.0,32.4,2.59,True,True,True,11.94,False,0.0,-3.0600000000000005,0.0,0
49.0,167250.0,32.1,6.06,True,True,True,10.79,False,0.0,-4.210000000000001,0.0,0
49.0,167217.0,82.4,6.3,True,True,True,10.79,False,0.0,-4.210000000000001,0.0,0
49.0,167135.0,31.1,6.04,True,True,True,11.17,False,0.0,-3.83,0.0,0
49.0,167104.0,47.9,5.0,False,True,True,11.17,False,0.0,-3.83,0.0,0
49.0,167056.0,26.7,2.71,True,True,True,11.17,False,0.0,-3.83,0.0,0
49.0,167029.0,38.3,2.13,True,True,True,11.17,False,0.0,-3.83,0.0,0
49.0,166991.0,31.3,3.7,True,True,True,11.17,False,0.0,-3.83,0.0,0
49.0,166960.0,31.0,6.68,True,True,True,11.62,False,0.0,-3.380000000000001,0.0,0
49.0,166929.0,79.8,6.2,True,True,True,11.62,False,0.0,-3.380000000000001,0.0,0
49.0,166849.0,45.2,9.83,False,True,True,11.66,False,0.0,-3.34,0.0,0
49.0,166804.0,43.6,3.9,False,True,False,11.66,False,0.0,-3.34,0.0,0
49.0,166760.0,51.6,5.84,False,True,False,11.66,False,0.0,-3.34,0.0,0
49.0,166708.0,54.9,6.75,False,True,True,11.66,False,0.0,-3.34,1.0,0
49.0,166653.0,44.1,4.6,False,True,True,11.66,False,0.0,-3.34,0.0,0
49.0,166609.0,41.3,5.99,True,True,True,11.66,False,0.0,-3.34,0.0,0
49.0,166568.0,21.9,5.67,True,False,True,11.66,False,0.0,-3.34,1.0,0
49.0,166546.0,57.8,3.3,False,True,False,11.66,False,0.0,-3.34,1.0,0
49.0,166488.0,36.5,4.39,False,True,False,11.66,False,0.0,-3.34,0.0,0
49.0,166452.0,38.8,4.32,False,True,False,11.66,False,0.0,-3.34,0.0,0
49.0,166413.0,24.9,3.41,False,True,False,11.66,False,0.0,-3.34,0.0,0
49.0,166388.0,31.0,3.2,False,True,False,11.66,False,0.0,-3.34,0.0,0
49.0,166357.0,58.1,4.78,False,True,False,11.66,False,0.0,-3.34,0.0,0
49.0,166299.0,41.2,2.89,False,True,True,11.66,False,0.0,-3.34,0.0,0
49.0,166258.0,33.3,8.6,True,False,True,12.13,False,0.0,-2.869999999999999,0.0,0
49.0,166224.0,57.4,1.8,True,False,True,12.13,False,0.0,-2.869999999999999,1.0,0
49.0,166167.0,21.0,3.1,True,False,True,12.13,False,0.0,-2.869999999999999,1.0,0
49.0,166146.0,28.5,3.5,True,False,True,12.13,False,0.0,-2.869999999999999,2.0,0
49.0,166118.0,37.4,9.6,True,True,True,11.57,False,0.0,-3.43,0.0,0
49.0,166080.0,59.4,5.39,False,True,False,11.57,False,0.0,-3.43,0.0,0
49.0,166021.0,63.7,7.38,False,True,False,11.57,False,0.0,-3.43,0.0,0
49.0,165957.0,65.7,7.19,False,True,False,11.57,False,0.0,-3.43,1.0,0
49.0,165891.0,46.5,4.32,False,True,False,11.57,False,0.0,-3.43,0.0,0
49.0,165845.0,36.6,4.11,False,True,False,11.57,False,0.0,-3.43,0.0,0
49.0,165808.0,54.5,5.9,True,True,False,11.57,False,0.0,-3.43,0.0,0
49.0,165753.0,52.8,5.8,False,True,True,11.57,False,0.0,-3.43,0.0,0
49.0,165700.0,51.9,5.95,False,True,False,11.57,False,0.0,-3.43,0.0,0
49.0,165648.0,43.6,6.28,False,True,False,11.57,False,0.0,-3.43,0.0,0
49.0,165604.0,45.4,2.6,True,True,True,11.57,False,0.0,-3.43,2.0,0
49.0,165559.0,32.7,3.31,True,True,True,10.12,False,0.0,-4.880000000000001,0.0,0
49.0,165440.0,57.5,4.62,True,False,True,11.49,False,0.0,-3.51,0.0,0
49.0,165381.0,31.1,2.98,True,True,True,11.49,False,0.0,-3.51,0.0,0
49.0,165350.0,82.8,6.5,True,True,True,11.49,False,0.0,-3.51,0.0,0
49.0,165268.0,43.1,8.44,True,True,True,10.77,False,0.0,-4.23,0.0,0
49.0,165224.0,68.7,3.6,True,True,True,10.77,False,0.0,-4.23,0.0,0
49.0,165156.0,32.0,3.29,True,True,True,10.28,False,0.0,-4.720000000000001,0.0,0
49.0,165124.0,37.1,5.37,True,True,True,14.47,False,0.0,-0.5299999999999994,2.0,0
49.0,165086.0,39.8,4.67,True,True,True,11.73,False,0.0,-3.27,0.0,0
49.0,165047.0,40.6,5.66,True,True,True,13.94,False,0.0,-1.0600000000000005,0.0,0
49.0,165006.0,53.8,6.34,True,False,True,11.78,False,0.0,-3.2200000000000006,0.0,0
49.0,164952.0,56.2,6.4,True,False,True,11.39,False,0.0,-3.61,0.0,0
49.0,164895.0,48.5,5.6,True,False,True,11.55,False,0.0,-3.4499999999999997,0.0,0
49.0,164847.0,50.8,5.9,True,False,True,11.61,False,0.0,-3.390000000000001,0.0,0
49.0,164796.0,47.3,5.3,True,False,True,11.21,False,0.0,-3.789999999999999,0.0,0
49.0,164749.0,44.8,4.79,True,True,True,10.69,False,0.0,-4.3100000000000005,0.0,0
49.0,164704.0,27.0,4.74,True,False,True,12.64,False,0.0,-2.3599999999999994,0.0,0
49.0,164677.0,38.2,3.5,True,True,True,12.64,False,0.0,-2.3599999999999994,0.0,0
49.0,164639.0,47.1,5.65,True,False,True,12.0,False,0.0,-3.0,0.0,0
49.0,164592.0,46.8,5.5,True,False,True,11.75,False,0.0,-3.25,0.0,0
49.0,164545.0,46.2,5.47,True,False,True,11.84,False,0.0,-3.16,0.0,0
49.0,164499.0,47.0,5.93,True,False,True,12.62,False,0.0,-2.380000000000001,0.0,0
49.0,164452.0,78.3,9.2,True,True,True,11.75,False,0.0,-3.25,0.0,0
49.0,164372.0,31.3,2.6,True,True,True,14.14,False,0.0,-0.8599999999999994,0.0,0
49.0,164341.0,31.0,3.36,True,True,True,10.84,False,0.0,-4.16,0.0,0
49.0,164310.0,61.5,8.13,True,True,True,13.22,False,0.0,-1.7799999999999994,0.0,0
49.0,164249.0,49.2,5.86,True,False,True,11.91,False,0.0,-3.09,0.0,0
49.0,164199.0,48.5,6.0,True,False,True,12.37,False,0.0,-2.630000000000001,0.0,0
49.0,164151.0,40.7,9.58,True,True,True,11.65,False,0.0,-3.35,0.0,0
49.0,164110.0,84.5,5.0,True,True,True,11.65,True,0.0,-3.35,0.0,0
49.0,164026.0,49.2,5.57,True,False,True,11.32,False,0.0,-3.68,0.0,0
49.0,163976.0,39.2,9.66,True,True,True,11.3,False,0.0,-3.6999999999999993,0.0,0
49.0,163937.0,77.3,3.5,True,True,True,11.3,False,0.0,-3.6999999999999993,0.0,0
49.0,163860.0,66.9,7.35,True,True,True,10.99,False,0.0,-4.01,0.0,0
49.0,163793.0,31.0,3.49,True,True,True,11.99,False,0.0,-3.01,0.0,0
49.0,163762.0,24.1,7.05,True,False,True,11.99,False,0.0,-3.01,0.0,0
49.0,163738.0,49.2,2.38,True,True,True,11.99,True,0.0,-3.01,0.0,0
49.0,163688.0,16.8,1.6,True,False,True,11.99,True,0.0,-3.01,0.0,0
49.0,163672.0,67.8,8.67,True,True,True,12.79,False,0.0,-2.210000000000001,0.0,0
49.0,163604.0,25.5,7.42,True,True,True,11.27,False,0.0,-3.73,0.0,0
49.0,163578.0,14.3,4.0,True,True,True,11.27,False,0.0,-3.73,0.0,0
49.0,163564.0,8.0,1.8,True,False,True,11.27,False,0.0,-3.73,0.0,0
49.0,163556.0,80.2,1.2,True,True,True,11.27,True,0.0,-3.73,0.0,0
49.0,163476.0,50.5,5.98,True,False,True,11.84,False,0.0,-3.16,0.0,0
49.0,163425.0,49.6,5.8,True,False,True,11.69,False,0.0,-3.3100000000000005,0.0,0
49.0,163376.0,47.9,5.51,True,False,True,11.5,False,0.0,-3.5,0.0,0
49.0,163328.0,34.4,3.3,True,True,True,9.59,True,0.0,-5.41,0.0,0
49.0,163293.0,33.1,4.56,True,True,True,13.78,False,0.0,-1.2200000000000006,0.0,0
49.0,163260.0,34.1,3.39,True,True,True,9.94,False,0.0,-5.0600000000000005,0.0,0
49.0,163226.0,42.7,5.91,True,True,True,13.84,False,0.0,-1.16,0.0,0
49.0,163183.0,16.9,2.57,True,False,True,11.83,False,0.0,-3.17,0.0,0
49.0,163166.0,34.4,3.5,True,False,True,11.83,False,0.0,-3.17,0.0,0
49.0,163132.0,48.4,5.57,True,False,True,11.51,False,0.0,-3.49,0.0,0
49.0,163083.0,46.8,5.31,True,False,True,11.35,False,0.0,-3.65,0.0,0
49.0,163036.0,9.8,5.53,True,True,True,10.98,False,0.0,-4.02,0.0,0
49.0,163027.0,86.1,5.0,True,True,True,10.98,False,0.0,-4.02,0.0,0
49.0,162940.0,49.2,5.93,True,False,True,12.05,False,0.0,-2.9499999999999997,0.0,0
49.0,162891.0,55.9,7.59,True,True,False,13.58,False,0.0,-1.42,2.0,0
49.0,162835.0,73.2,8.4,True,True,True,11.48,False,0.0,-3.52,0.0,0
49.0,162762.0,38.2,4.78,True,False,True,12.51,False,0.0,-2.49,0.0,0
49.0,162724.0,47.8,5.67,True,False,True,11.86,False,0.0,-3.140000000000001,0.0,0
49.0,162676.0,47.8,5.72,True,False,True,11.97,False,0.0,-3.03,0.0,0
49.0,162628.0,44.7,8.08,True,True,True,11.6,False,0.0,-3.4000000000000004,0.0,0
49.0,162583.0,68.3,5.03,True,True,True,11.6,False,0.0,-3.4000000000000004,0.0,0
49.0,162515.0,45.9,5.5,True,True,True,12.60933549432739,False,0.0,-2.3906645056726092,0.0,0
49.0,162469.0,34.6,6.042584269662921,True,True,True,12.60933549432739,False,0.0,-2.3906645056726092,0.0,0
49.0,162434.0,49.0,5.66,True,False,True,11.55,False,0.0,-3.4499999999999997,0.0,0
49.0,162385.0,33.4,5.81,True,True,True,11.63,False,0.0,-3.369999999999999,0.0,0
49.0,162352.0,35.8,6.7,True,True,True,11.63,False,0.0,-3.369999999999999,0.0,0
49.0,162316.0,38.9,3.7,True,True,True,11.63,True,0.0,-3.369999999999999,0.0,0
49.0,162277.0,61.8,5.5,True,True,True,11.63,True,0.0,-3.369999999999999,0.0,0
49.0,162216.0,40.9,2.8,True,False,True,11.63,True,0.0,-3.369999999999999,0.0,0
49.0,162175.0,46.8,5.95,True,False,True,11.56,False,0.0,-3.4399999999999995,0.0,0
49.0,162128.0,56.7,9.3,True,True,True,11.56,False,0.0,-3.4399999999999995,0.0,0
49.0,162071.0,57.1,3.31,True,False,True,11.56,False,0.0,-3.4399999999999995,0.0,0
49.0,162014.0,49.2,5.96,True,False,True,12.11,False,0.0,-2.890000000000001,0.0,0
49.0,161965.0,23.2,6.8,True,False,True,11.12,False,0.0,-3.880000000000001,0.0,0
49.0,161941.0,74.0,4.01,True,True,True,11.12,False,0.0,-3.880000000000001,0.0,0
49.0,161867.0,27.8,8.0,True,True,True,11.44,False,0.0,-3.5600000000000005,0.0,0
49.0,161839.0,81.5,4.5,True,True,True,11.44,False,0.0,-3.5600000000000005,0.0,0
49.0,161758.0,70.0,8.16,True,True,True,12.07,False,0.0,-2.93,0.0,0
49.0,161688.0,30.8,4.01,True,True,True,12.07,False,0.0,-2.93,0.0,0
49.0,161657.0,46.3,8.69,True,True,True,11.76,False,0.0,-3.24,0.0,0
49.0,161611.0,60.8,3.9,True,True,True,11.76,False,0.0,-3.24,0.0,0
49.0,161550.0,82.1,9.13,True,True,True,11.12,False,0.0,-3.880000000000001,0.0,0
49.0,161468.0,24.5,6.54,True,True,True,11.24,False,0.0,-3.76,0.0,0
49.0,161443.0,60.4,3.0,True,True,True,11.24,False,0.0,-3.76,0.0,0
49.0,161383.0,56.6,8.48,True,True,True,11.3,False,0.0,-3.6999999999999993,0.0,0
49.0,161326.0,32.6,1.6,True,True,True,11.3,False,0.0,-3.6999999999999993,0.0,0
49.0,161294.0,43.4,6.56,True,True,True,11.74,False,0.0,-3.26,0.0,0
49.0,161250.0,83.2,8.3,True,True,True,11.74,False,0.0,-3.26,0.0,0
49.0,161167.0,48.4,8.24,True,False,True,11.74,False,0.0,-3.26,0.0,0
49.0,161117.0,63.7,2.85,False,True,False,11.74,False,0.0,-3.26,0.0,0
49.0,161054.0,49.9,5.72,True,True,True,11.74,False,0.0,-3.26,0.0,0
49.0,161004.0,15.7,2.95,True,False,True,11.74,False,0.0,-3.26,0.0,0
49.0,160988.0,48.9,3.79,False,True,True,11.74,False,0.0,-3.26,0.0,0
49.0,160939.0,62.1,4.6,False,True,True,11.74,True,0.0,-3.26,0.0,0
49.0,160877.0,38.2,7.75,False,True,True,11.15,False,0.0,-3.85,0.0,0
49.0,160839.0,24.0,6.5,False,True,True,11.15,False,0.0,-3.85,0.0,0
49.0,160815.0,47.2,2.3,False,True,True,11.15,True,0.0,-3.85,0.0,0
49.0,160768.0,48.1,5.0,False,True,False,11.15,True,0.0,-3.85,0.0,0
49.0,160720.0,70.7,3.9,True,True,True,11.15,False,0.0,-3.85,0.0,0
49.0,160649.0,34.1,4.1,True,False,True,12.02,False,0.0,-2.9800000000000004,0.0,0
49.0,160615.0,48.9,5.71,True,False,True,11.68,False,0.0,-3.3200000000000003,0.0,0
49.0,160566.0,46.7,5.44,True,False,True,11.65,False,0.0,-3.35,0.0,0
49.0,160519.0,47.7,6.67,True,False,True,12.53,False,0.0,-2.4700000000000006,0.0,0
49.0,160471.0,17.0,4.66,True,False,True,12.53,False,0.0,-2.4700000000000006,0.0,0
49.0,160454.0,56.8,3.9,True,True,False,12.53,False,0.0,-2.4700000000000006,2.0,0
49.0,160397.0,66.0,7.8,True,True,False,11.82,False,0.0,-3.18,2.0,0
49.0,160331.0,23.4,3.0,True,False,True,12.82,False,0.0,-2.18,0.0,0
49.0,160308.0,41.0,5.26,True,False,True,12.83,False,0.0,-2.17,0.0,0
49.0,160267.0,49.5,6.1,True,False,True,12.32,False,0.0,-2.68,0.0,0
49.0,160217.0,23.1,3.3,True,False,True,14.29,False,0.0,-0.7100000000000009,0.0,0
49.0,160194.0,20.9,6.042584269662921,True,False,True,12.60933549432739,False,0.0,-2.3906645056726092,0.0,0
49.0,160173.0,49.6,6.5,True,False,True,13.1,True,0.0,-1.9000000000000004,0.0,0
49.0,160124.0,48.1,5.94,True,False,True,12.35,False,0.0,-2.6500000000000004,0.0,0
49.0,160075.0,48.0,6.17,True,False,True,12.85,False,0.0,-2.1500000000000004,0.0,0
49.0,160027.0,82.9,6.042584269662921,True,True,True,12.60933549432739,False,0.0,-2.3906645056726092,0.0,0
49.0,159944.0,46.9,5.28,True,False,True,11.26,False,0.0,-3.74,0.0,0
49.0,159898.0,54.4,6.39,True,False,True,11.75,False,0.0,-3.25,0.0,0
49.0,159843.0,49.0,5.55,True,False,True,11.33,False,0.0,-3.67,0.0,0
49.0,159794.0,49.4,5.92,True,False,True,11.98,False,0.0,-3.02,0.0,0
49.0,159745.0,54.5,6.44,True,False,True,11.82,False,0.0,-3.18,0.0,0
49.0,159593.0,61.0,10.54,True,True,True,11.71,True,0.0,-3.289999999999999,0.0,0
49.0,159532.0,68.3,4.6,True,True,True,11.71,True,0.0,-3.289999999999999,0.0,0
49.0,159463.0,47.6,5.34,True,False,True,11.22,False,0.0,-3.78,0.0,0
49.0,159416.0,51.9,5.86,True,False,True,11.29,False,0.0,-3.710000000000001,0.0,0
49.0,159364.0,30.0,8.13,False,True,True,10.54,True,0.0,-4.460000000000001,0.0,0
49.0,159334.0,45.3,3.89,False,True,False,10.54,True,0.0,-4.460000000000001,0.0,0
49.0,159288.0,51.0,6.06,False,True,False,10.54,True,0.0,-4.460000000000001,0.0,0
49.0,159237.0,23.3,3.94,False,True,False,10.54,True,0.0,-4.460000000000001,0.0,0
49.0,159214.0,62.2,4.43,False,True,False,10.54,True,0.0,-4.460000000000001,0.0,0
49.0,159152.0,63.7,5.12,False,True,False,10.54,True,0.0,-4.460000000000001,0.0,0
49.0,159088.0,15.9,3.42,False,True,False,10.54,False,0.0,-4.460000000000001,0.0,0
49.0,159072.0,52.1,4.99,False,True,False,10.54,False,0.0,-4.460000000000001,0.0,0
49.0,159020.0,40.7,5.21,False,True,False,10.54,True,0.0,-4.460000000000001,0.0,0
49.0,158979.0,63.5,5.29,False,True,False,10.54,True,0.0,-4.460000000000001,0.0,0
49.0,158916.0,37.3,5.24,False,True,False,10.54,True,0.0,-4.460000000000001,0.0,0
49.0,158879.0,57.8,4.73,False,True,False,10.54,True,0.0,-4.460000000000001,0.0,0
49.0,158821.0,22.4,2.99,False,True,False,10.54,True,0.0,-4.460000000000001,0.0,0
49.0,158798.0,48.9,4.15,True,True,True,10.54,False,0.0,-4.460000000000001,0.0,0
49.0,158749.0,79.3,5.46,True,False,True,10.54,False,0.0,-4.460000000000001,0.0,0
49.0,158670.0,72.7,9.1,True,False,True,12.52,False,0.0,-2.4800000000000004,0.0,0
49.0,158597.0,79.5,10.0,True,False,True,12.58,False,0.0,-2.42,0.0,0
49.0,158518.0,42.8,5.1,True,False,True,11.92,False,0.0,-3.08,0.0,0
49.0,158475.0,17.8,6.8,True,False,True,11.02,False,0.0,-3.98,0.0,0
49.0,158457.0,46.6,4.6,True,False,True,11.02,False,0.0,-3.98,0.0,0
49.0,158411.0,17.5,4.75,False,False,True,11.02,False,0.0,-3.98,0.0,0
49.0,158393.0,28.7,0.9,False,False,True,11.02,False,0.0,-3.98,0.0,0
49.0,158364.0,71.3,3.0,False,False,True,11.02,False,0.0,-3.98,0.0,0
49.0,158293.0,18.6,8.1,False,False,True,11.49,False,0.0,-3.51,0.0,0
49.0,158274.0,49.0,5.72,True,False,True,11.49,False,0.0,-3.51,0.0,0
49.0,158225.0,31.6,3.97,False,True,False,11.49,True,0.0,-3.51,0.0,0
49.0,158193.0,41.5,4.68,False,True,False,11.49,True,0.0,-3.51,0.0,0
49.0,158152.0,75.8,6.02,True,True,True,11.49,True,0.0,-3.51,0.0,0
49.0,158076.0,52.8,7.01,False,True,False,11.49,True,0.0,-3.51,0.0,0
49.0,158023.0,61.8,5.75,False,True,False,11.49,True,0.0,-3.51,0.0,0
49.0,157962.0,75.1,6.24,False,True,False,11.49,True,0.0,-3.51,0.0,0
49.0,157886.0,43.5,6.41,False,True,False,11.49,True,0.0,-3.51,0.0,0
49.0,157843.0,42.6,2.65,False,True,True,11.49,True,0.0,-3.51,2.0,0
49.0,157800.0,55.7,6.14,True,False,True,11.02,False,0.0,-3.98,0.0,0
49.0,157745.0,75.9,8.61,True,True,True,11.34,True,0.0,-3.66,0.0,0
49.0,157669.0,52.1,8.85,False,True,True,11.04,True,0.0,-3.960000000000001,0.0,0
49.0,157617.0,60.7,3.6,False,False,True,11.04,False,0.0,-3.960000000000001,0.0,0
49.0,157556.0,44.9,7.2,False,False,True,11.55,False,0.0,-3.4499999999999997,0.0,0
49.0,157511.0,44.7,5.27,False,True,False,11.55,False,0.0,-3.4499999999999997,0.0,0
49.0,157467.0,26.8,0.97,False,True,True,11.55,False,0.0,-3.4499999999999997,0.0,0
49.0,157439.0,49.8,5.85,True,False,True,11.75,False,0.0,-3.25,0.0,0
49.0,157390.0,49.4,5.62,True,False,True,11.38,False,0.0,-3.619999999999999,0.0,0
49.0,157340.0,59.9,7.61,True,False,True,11.17,False,0.0,-3.83,0.0,0
49.0,157280.0,48.7,4.52,True,False,True,11.17,False,0.0,-3.83,0.0,0
49.0,157231.0,62.6,7.07,True,True,True,11.29,False,0.0,-3.710000000000001,0.0,0
49.0,157169.0,28.4,6.95,True,True,True,11.3,False,0.0,-3.6999999999999993,0.0,0
49.0,157140.0,72.0,4.4,True,True,True,11.3,False,0.0,-3.6999999999999993,0.0,0
49.0,157068.0,62.1,7.8,True,False,True,12.56,False,0.0,-2.4399999999999995,0.0,0
49.0,157006.0,48.3,6.02,True,False,True,11.56,False,0.0,-3.4399999999999995,0.0,0
49.0,156958.0,46.3,5.59,True,False,True,11.56,False,0.0,-3.4399999999999995,0.0,0
49.0,156911.0,52.8,5.43,True,False,True,11.56,False,0.0,-3.4399999999999995,0.0,0
49.0,156858.0,20.6,7.14,True,False,True,11.07,False,0.0,-3.93,0.0,0
49.0,156838.0,62.9,2.1,True,False,True,11.07,False,0.0,-3.93,0.0,0
49.0,156775.0,79.0,9.31,True,True,True,11.78,False,0.0,-3.2200000000000006,0.0,0
49.0,156696.0,48.8,6.1,True,False,True,12.5,False,0.0,-2.5,0.0,0
49.0,156647.0,50.5,8.3,False,True,True,11.4,False,0.0,-3.6,0.0,0
49.0,156597.0,69.1,8.58,True,False,True,11.4,False,0.0,-3.6,0.0,0
49.0,156527.0,61.0,3.7,True,False,True,11.4,False,0.0,-3.6,0.0,0
49.0,156466.0,47.7,5.27,True,False,True,11.05,False,0.0,-3.9499999999999993,0.0,0
49.0,156419.0,82.7,8.88,True,False,True,10.74,False,0.0,-4.26,0.0,0
49.0,156336.0,17.7,2.4,True,False,True,13.56,False,0.0,-1.4399999999999995,2.0,0
49.0,156318.0,19.8,3.03,True,False,True,12.24,False,0.0,-2.76,0.0,0
49.0,156298.0,35.2,3.7,True,False,True,12.24,False,0.0,-2.76,0.0,0
49.0,156263.0,48.2,6.25,True,False,True,12.97,False,0.0,-2.03,0.0,0
49.0,156215.0,55.0,6.042584269662921,True,False,True,12.60933549432739,False,0.0,-2.3906645056726092,0.0,0
49.0,156160.0,22.1,5.67,True,False,True,12.23,False,0.0,-2.77,0.0,0
49.0,156138.0,17.3,2.47,False,True,True,12.23,False,0.0,-2.77,0.0,0
49.0,156120.0,24.0,2.7,True,True,True,12.23,False,0.0,-2.77,0.0,0
49.0,156096.0,14.8,3.81,True,True,True,12.23,False,0.0,-2.77,2.0,0
49.0,156082.0,54.7,1.6,True,True,True,12.23,False,0.0,-2.77,2.0,0
49.0,156027.0,52.1,9.35,False,True,True,11.21,False,0.0,-3.789999999999999,0.0,0
49.0,155975.0,58.5,3.05,False,False,True,11.21,False,0.0,-3.789999999999999,0.0,0
49.0,155916.0,44.5,7.7,False,False,True,11.88,False,0.0,-3.119999999999999,0.0,0
49.0,155872.0,43.4,5.0,False,True,False,11.88,False,0.0,-3.119999999999999,0.0,0
49.0,155828.0,28.1,1.08,False,True,True,11.88,False,0.0,-3.119999999999999,0.0,0
49.0,155800.0,18.3,5.1,True,False,True,11.52,False,0.0,-3.4800000000000004,0.0,0
49.0,155782.0,50.3,2.8,True,False,True,11.52,False,0.0,-3.4800000000000004,0.0,0
49.0,155732.0,49.1,6.25,True,False,True,11.75,False,0.0,-3.25,0.0,0
49.0,155681.0,59.0,0.1,False,True,True,11.75,False,0.0,-3.25,0.0,0
49.0,155622.0,34.5,2.53,True,False,True,11.75,False,0.0,-3.25,0.0,0
49.0,155588.0,52.8,5.75,True,False,True,10.89,False,0.0,-4.109999999999999,0.0,0
49.0,155534.0,53.0,1.57,True,False,True,11.38,False,0.0,-3.619999999999999,0.0,0
49.0,155481.0,39.4,8.23,True,True,True,10.81,False,0.0,-4.19,0.0,0
49.0,155441.0,58.0,2.3,True,True,True,10.81,False,0.0,-4.19,0.0,0
49.0,155383.0,53.1,6.05,True,False,True,11.39,False,0.0,-3.61,0.0,0
49.0,155330.0,48.9,5.35,True,False,True,10.94,False,0.0,-4.0600000000000005,0.0,0
49.0,155281.0,48.8,5.64,True,False,True,11.56,False,0.0,-3.4399999999999995,0.0,0
49.0,155232.0,47.2,7.73,True,False,True,10.85,False,0.0,-4.15,0.0,0
49.0,155185.0,52.5,6.7,True,False,True,10.85,False,0.0,-4.15,0.0,0
49.0,155133.0,30.5,4.48,False,True,True,10.85,False,0.0,-4.15,0.0,0
49.0,155102.0,45.4,3.3,False,True,False,10.85,False,0.0,-4.15,0.0,0
49.0,155057.0,51.0,5.66,False,True,False,10.85,False,0.0,-4.15,0.0,0
49.0,155006.0,23.3,3.1,False,False,True,10.85,False,0.0,-4.15,0.0,0
49.0,154982.0,57.9,4.75,True,True,True,10.85,False,0.0,-4.15,0.0,0
49.0,154925.0,65.1,5.55,True,True,True,10.85,False,0.0,-4.15,0.0,0
49.0,154859.0,40.8,5.02,False,True,False,10.85,False,0.0,-4.15,0.0,0
49.0,154819.0,60.6,5.16,False,True,True,10.85,False,0.0,-4.15,0.0,0
49.0,154758.0,33.9,4.43,True,False,True,13.07,False,0.0,-1.93,0.0,0
49.0,154724.0,23.1,8.7,False,False,True,12.73,False,0.0,-2.27,0.0,0
49.0,154701.0,58.6,1.7,False,False,True,12.73,False,0.0,-2.27,0.0,0
49.0,154642.0,15.9,7.58,True,True,True,12.73,False,0.0,-2.27,0.0,0
49.0,154626.0,48.6,4.0,False,True,False,12.73,False,0.0,-2.27,0.0,0
49.0,154578.0,8.6,5.59,False,False,True,12.73,False,0.0,-2.27,0.0,0
49.0,154569.0,68.1,0.92,False,False,True,12.73,False,0.0,-2.27,0.0,0
49.0,154501.0,6.9,4.1,True,False,False,12.73,False,0.0,-2.27,0.0,0
49.0,154494.0,5.5,6.81,True,False,False,12.73,False,0.0,-2.27,0.0,0
49.0,154489.0,65.7,1.0,True,False,True,12.73,False,0.0,-2.27,0.0,0
49.0,154423.0,37.5,4.78,True,False,True,12.73,True,0.0,-2.27,0.0,0
49.0,154386.0,61.4,6.35,True,True,True,12.73,True,0.0,-2.27,0.0,0
49.0,154252.0,53.4,6.042584269662921,True,False,True,12.60933549432739,False,0.0,-2.3906645056726092,0.0,0
49.0,154199.0,49.8,5.9,True,False,True,11.85,False,0.0,-3.1500000000000004,0.0,0
49.0,154149.0,53.0,6.042584269662921,True,False,True,12.60933549432739,False,0.0,-2.3906645056726092,0.0,0
49.0,154096.0,47.7,8.2,False,True,True,10.35,False,0.0,-4.65,0.0,0
49.0,154048.0,64.1,3.37,False,True,False,10.35,False,0.0,-4.65,0.0,0
49.0,153984.0,30.4,8.1,False,True,False,11.52,False,0.0,-3.4800000000000004,0.0,0
49.0,153954.0,44.5,3.35,False,True,False,11.52,False,0.0,-3.4800000000000004,0.0,0
49.0,153909.0,38.6,1.62,True,True,True,11.52,False,0.0,-3.4800000000000004,0.0,0
49.0,153871.0,17.0,3.12,True,False,True,13.45,False,0.0,-1.5500000000000007,0.0,1
49.0,153854.0,35.2,3.9,True,False,True,13.45,False,0.0,-1.5500000000000007,0.0,1
49.0,153818.0,48.7,6.64,True,False,True,13.63,False,0.0,-1.3699999999999992,0.0,1
49.0,153770.0,50.4,6.56,True,False,True,13.02,False,0.0,-1.9800000000000004,0.0,1
49.0,153719.0,20.7,3.22,True,False,True,12.17,False,0.0,-2.83,0.0,1
49.0,153698.0,34.5,3.5,True,False,True,12.17,False,0.0,-2.83,0.0,1
49.0,153664.0,59.8,6.042584269662921,False,True,True,12.60933549432739,False,0.0,-2.3906645056726092,0.0,1
49.0,153604.0,37.4,7.0,False,True,True,15.17,False,0.0,0.1699999999999999,0.0,1
49.0,153567.0,47.5,5.88,True,True,True,15.17,False,0.0,0.1699999999999999,2.0,1
49.0,153519.0,15.2,7.36,True,False,True,11.86,False,0.0,-3.140000000000001,0.0,1
49.0,153504.0,82.3,4.2,True,True,True,11.86,False,0.0,-3.140000000000001,0.0,1
49.0,153422.0,54.8,9.45,False,True,True,12.78,False,0.0,-2.2200000000000006,0.0,1
49.0,153367.0,35.2,2.05,False,True,True,12.78,False,0.0,-2.2200000000000006,0.0,1
49.0,153331.0,40.7,8.4,False,False,True,14.5,False,0.0,-0.5,0.0,1
49.0,153291.0,46.2,4.2,False,True,True,14.5,False,0.0,-0.5,0.0,1
49.0,153245.0,51.2,7.31,True,False,True,14.28,False,0.0,-0.7200000000000006,0.0,1
49.0,153193.0,53.9,7.16,True,False,True,13.28,False,0.0,-1.7200000000000006,0.0,1
49.0,153139.0,48.8,6.73,True,False,True,13.79,False,0.0,-1.2100000000000009,0.0,1
49.0,153091.0,56.2,6.042584269662921,True,False,True,12.60933549432739,False,0.0,-2.3906645056726092,0.0,1
49.0,153034.0,20.0,3.68,True,False,True,14.28,False,0.0,-0.7200000000000006,0.0,1
49.0,153014.0,35.2,4.2,True,False,True,14.28,False,0.0,-0.7200000000000006,0.0,1
49.0,152979.0,49.8,7.36,True,False,True,14.78,False,0.0,-0.2200000000000006,0.0,1
49.0,152929.0,48.2,7.13,True,False,True,14.79,False,0.0,-0.2100000000000008,0.0,1
49.0,152881.0,47.3,8.43,True,False,True,14.36,False,0.0,-0.6400000000000006,0.0,1
49.0,152834.0,48.8,5.37,True,False,True,14.36,False,0.0,-0.6400000000000006,0.0,1
49.0,152785.0,21.2,8.94,True,True,True,13.95,False,0.0,-1.0500000000000007,0.0,1
49.0,152764.0,16.4,2.3,True,False,True,13.95,False,0.0,-1.0500000000000007,0.0,1
49.0,152747.0,30.9,2.5,True,True,True,13.95,False,0.0,-1.0500000000000007,0.0,1
49.0,152716.0,57.4,3.82,True,False,True,13.95,False,0.0,-1.0500000000000007,0.0,1
49.0,152659.0,18.0,2.74,True,False,True,15.22,False,0.0,0.2200000000000006,0.0,1
49.0,152641.0,60.9,8.41,True,False,True,13.81,False,0.0,-1.1899999999999995,0.0,1
49.0,152580.0,48.2,6.98,True,False,True,14.48,False,0.0,-0.5199999999999996,0.0,1
49.0,152532.0,49.7,10.1,True,False,True,13.74,False,0.0,-1.2599999999999998,0.0,1
49.0,152482.0,60.9,5.5,True,False,True,13.74,False,0.0,-1.2599999999999998,0.0,1
49.0,152421.0,17.8,2.5,True,False,True,13.74,False,0.0,-1.2599999999999998,0.0,1
49.0,152403.0,36.1,4.5,True,False,True,13.74,False,0.0,-1.2599999999999998,0.0,1
49.0,152367.0,54.1,7.8,True,False,True,14.42,False,0.0,-0.5800000000000001,0.0,1
49.0,152313.0,47.4,6.5,True,False,True,13.71,False,0.0,-1.2899999999999991,0.0,1
49.0,152265.0,48.2,6.88,True,False,True,14.27,False,0.0,-0.7300000000000004,0.0,1
49.0,152217.0,50.3,7.0,True,False,True,13.92,False,0.0,-1.08,0.0,1
49.0,152166.0,74.9,1.6,True,True,True,14.02,False,0.0,-0.9800000000000004,0.0,1
49.0,152091.0,21.1,3.3,True,False,True,14.02,False,0.0,-0.9800000000000004,0.0,1
49.0,152070.0,52.4,7.8,True,False,True,14.89,False,0.0,-0.1099999999999994,0.0,1
49.0,152017.0,51.0,8.0,True,False,True,15.69,False,0.0,0.6899999999999995,0.0,1
49.0,151966.0,47.6,6.042584269662921,True,False,True,12.60933549432739,False,0.0,-2.3906645056726092,0.0,1
49.0,151918.0,49.7,6.042584269662921,True,False,True,12.60933549432739,False,0.0,-2.3906645056726092,0.0,1
49.0,151869.0,48.7,7.8,True,False,True,16.02,False,0.0,1.0199999999999996,0.0,1
49.0,151820.0,23.7,10.5,True,True,True,14.88,False,0.0,-0.1199999999999992,0.0,1
49.0,151796.0,63.1,2.42,True,True,True,14.88,False,0.0,-0.1199999999999992,0.0,1
49.0,151733.0,54.3,7.9,True,False,True,14.55,False,0.0,-0.4499999999999993,0.0,1
49.0,151679.0,48.0,7.1,True,False,True,14.79,False,0.0,-0.2100000000000008,0.0,1
49.0,151631.0,50.2,7.4,True,False,True,14.74,False,0.0,-0.2599999999999998,0.0,1
49.0,151581.0,52.7,7.7,True,False,True,14.61,False,0.0,-0.3900000000000005,0.0,1
49.0,151528.0,50.4,7.1,True,False,True,14.09,False,0.0,-0.91,0.0,1
49.0,151477.0,17.6,3.4,True,False,True,14.95,False,0.0,-0.0500000000000007,0.0,1
49.0,151460.0,47.0,6.26,True,False,True,14.95,False,0.0,-0.0500000000000007,0.0,1
49.0,151413.0,51.0,7.8,True,False,True,15.29,False,0.0,0.2899999999999991,0.0,1
49.0,151362.0,50.9,7.7,True,False,True,15.13,False,0.0,0.1300000000000007,0.0,1
49.0,151311.0,50.3,6.042584269662921,True,False,True,12.60933549432739,False,0.0,-2.3906645056726092,0.0,1
49.0,151260.0,51.0,7.3,True,False,True,14.31,False,0.0,-0.6899999999999995,0.0,1
49.0,151209.0,49.8,6.9,True,False,True,13.86,False,0.0,-1.1400000000000006,0.0,1
49.0,151159.0,64.7,10.4,True,True,True,16.07,False,0.0,1.0700000000000005,0.0,1
49.0,151095.0,51.4,7.8,True,False,True,15.18,False,0.0,0.1799999999999997,0.0,1
49.0,150990.0,48.8,7.7,True,False,True,15.78,False,0.0,0.7799999999999994,0.0,1
49.0,150941.0,53.0,7.7,True,False,True,14.53,False,0.0,-0.4700000000000006,0.0,1
49.0,150888.0,52.8,8.1,True,False,True,15.34,False,0.0,0.3399999999999998,0.0,1
49.0,150778.0,52.0,7.8,True,False,True,15.0,False,0.0,0.0,0.0,1
49.0,150726.0,49.3,7.3,True,False,True,14.81,False,0.0,-0.1899999999999995,0.0,1
49.0,150677.0,49.5,7.2,True,False,True,14.55,False,0.0,-0.4499999999999993,0.0,1
49.0,150572.0,49.7,7.0,True,False,True,14.08,False,0.0,-0.92,0.0,1
49.0,150523.0,32.8,4.7,True,False,True,14.33,False,0.0,-0.6699999999999999,0.0,1
49.0,150459.0,54.6,7.5,True,False,True,13.74,False,0.0,-1.2599999999999998,0.0,1
49.0,150404.0,51.1,7.11,True,False,True,13.91,False,0.0,-1.09,0.0,1
49.0,150353.0,51.0,7.1,True,False,True,13.92,False,0.0,-1.08,0.0,1
49.0,150302.0,53.1,6.042584269662921,True,False,True,12.60933549432739,False,0.0,-2.3906645056726092,0.0,1
49.0,150188.0,49.7,6.99,True,False,True,16.19,False,0.0,1.1900000000000013,0.0,1
49.0,150139.0,49.4,7.0,True,False,True,14.17,False,0.0,-0.8300000000000001,0.0,1
49.0,150089.0,53.0,7.83,True,False,True,14.77,False,0.0,-0.2300000000000004,0.0,1
49.0,150036.0,49.9,7.82,True,False,True,13.54,False,0.0,-1.4600000000000009,0.0,1
49.0,149987.0,49.6,5.65,True,False,True,13.54,False,0.0,-1.4600000000000009,0.0,1
49.0,149937.0,36.7,6.042584269662921,True,False,True,12.60933549432739,False,0.0,-2.3906645056726092,0.0,1
49.0,149900.0,54.6,10.98,True,True,True,13.34,False,0.0,-1.66,0.0,1
49.0,149846.0,42.7,2.0,True,False,True,13.34,False,0.0,-1.66,0.0,1
49.0,149803.0,52.3,7.33,True,False,True,14.02,False,0.0,-0.9800000000000004,0.0,1
49.0,149750.0,49.5,7.03,True,False,True,14.2,False,0.0,-0.8000000000000007,0.0,1
49.0,149643.0,51.9,7.4,True,False,True,14.26,False,0.0,-0.7400000000000002,0.0,1
49.0,149591.0,53.3,7.09,True,False,True,13.3,False,0.0,-1.6999999999999993,0.0,1
49.0,149538.0,28.8,6.042584269662921,False,True,True,12.60933549432739,False,0.0,-2.3906645056726092,0.0,1
49.0,149509.0,12.3,2.7,False,True,True,12.60933549432739,False,0.0,-2.3906645056726092,0.0,1
49.0,149496.0,47.8,1.72,True,True,True,12.60933549432739,False,0.0,-2.3906645056726092,0.0,1
49.0,149449.0,49.5,7.02,True,False,True,14.18,False,0.0,-0.8200000000000003,0.0,1
49.0,149399.0,48.6,6.96,True,False,True,14.32,False,0.0,-0.6799999999999997,0.0,1
49.0,149350.0,53.4,7.56,True,False,True,14.16,False,0.0,-0.8399999999999999,0.0,1
49.0,149297.0,18.0,4.09,True,False,True,15.43,False,0.0,0.4299999999999997,0.0,1
49.0,149279.0,31.2,3.5,True,False,True,15.43,False,0.0,0.4299999999999997,0.0,1
49.0,149082.0,65.7,9.6,True,True,True,13.93,False,0.0,-1.0700000000000005,1.0,1
49.0,149017.0,14.2,6.07,True,False,True,13.93,False,0.0,-1.0700000000000005,0.0,1
49.0,149003.0,52.7,2.8,True,True,True,13.93,False,0.0,-1.0700000000000005,2.0,1
49.0,148950.0,55.7,8.03,True,False,True,14.42,False,0.0,-0.5800000000000001,0.0,1
49.0,148894.0,56.3,8.39,True,False,True,14.9,False,0.0,-0.0999999999999996,0.0,1
49.0,148838.0,53.2,8.08,True,False,True,15.19,False,0.0,0.1899999999999995,0.0,1
49.0,148785.0,51.0,7.96,True,False,True,15.61,False,0.0,0.6099999999999994,0.0,1
49.0,148734.0,48.8,7.15,True,False,True,14.65,False,0.0,-0.3499999999999996,0.0,1
49.0,148605.0,23.0,4.2,True,True,True,15.69,False,0.0,0.6899999999999995,2.0,1
49.0,148532.0,21.6,3.46,True,False,True,15.07,False,0.0,0.0700000000000002,0.0,1
49.0,148510.0,31.9,4.6,True,False,True,15.07,False,0.0,0.0700000000000002,0.0,1
49.0,148478.0,49.2,7.63,True,False,True,15.51,False,0.0,0.5099999999999998,0.0,1
49.0,148429.0,48.9,6.88,True,False,True,14.07,False,0.0,-0.9299999999999996,0.0,1
49.0,148380.0,39.8,9.53,False,True,True,14.01,False,0.0,-0.9900000000000002,0.0,1
49.0,148340.0,53.9,6.3,False,True,True,14.01,False,0.0,-0.9900000000000002,1.0,1
49.0,148286.0,33.6,2.0,False,True,True,14.01,False,0.0,-0.9900000000000002,0.0,1
49.0,148253.0,56.6,8.07,True,False,True,14.26,False,0.0,-0.7400000000000002,0.0,1
49.0,148196.0,50.1,8.57,True,False,True,14.14,False,0.0,-0.8599999999999994,0.0,1
49.0,148146.0,18.5,2.44,True,False,True,14.14,False,0.0,-0.8599999999999994,0.0,1
49.0,148127.0,34.0,3.5,True,False,True,14.14,False,0.0,-0.8599999999999994,0.0,1
49.0,148093.0,48.7,7.29,True,False,True,14.97,False,0.0,-0.0299999999999993,0.0,1
49.0,148044.0,45.1,10.13,True,True,True,14.92,False,0.0,-0.08,0.0,1
49.0,147900.0,52.6,8.0,True,False,True,15.21,False,0.0,0.2100000000000008,0.0,1
49.0,147848.0,55.8,7.93,True,False,True,14.21,False,0.0,-0.7899999999999991,0.0,1
49.0,147792.0,51.8,7.5,True,False,True,14.48,False,0.0,-0.5199999999999996,0.0,1
49.0,147740.0,50.2,6.99,True,False,True,13.92,False,0.0,-1.08,0.0,1
49.0,147690.0,20.0,5.77,True,True,True,13.18,False,0.0,-1.8200000000000005,0.0,0
49.0,147669.0,54.1,4.0,True,True,True,13.18,False,0.0,-1.8200000000000005,0.0,0
49.0,147615.0,25.3,3.5,True,False,True,13.83,False,0.0,-1.17,0.0,0
49.0,147590.0,16.3,2.4,True,False,True,13.58,False,0.0,-1.42,0.0,0
49.0,147574.0,34.5,4.5,True,False,True,13.58,False,0.0,-1.42,0.0,0
49.0,147539.0,50.9,6.47,True,False,True,12.71,False,0.0,-2.289999999999999,0.0,0
49.0,147488.0,49.2,7.1,True,False,True,14.43,False,0.0,-0.5700000000000003,0.0,0
49.0,147439.0,51.3,7.2,True,False,True,14.04,False,0.0,-0.9600000000000009,0.0,0
49.0,147388.0,49.4,7.2,True,False,True,14.57,False,0.0,-0.4299999999999997,0.0,0
49.0,147338.0,52.7,7.51,True,False,True,14.25,False,0.0,-0.75,0.0,0
49.0,147285.0,48.7,6.89,True,False,True,14.15,False,0.0,-0.8499999999999996,0.0,0
49.0,147237.0,48.8,6.37,True,False,True,13.05,False,0.0,-1.9499999999999995,0.0,0
49.0,147188.0,52.7,6.9,True,False,True,13.09,False,0.0,-1.91,0.0,0
49.0,147135.0,50.8,7.36,True,False,True,14.49,False,0.0,-0.5099999999999998,0.0,0
49.0,147084.0,49.7,8.2,True,False,True,13.75,False,0.0,-1.25,0.0,0
49.0,147034.0,31.0,2.9,True,False,True,13.75,False,0.0,-1.25,0.0,0
49.0,147003.0,17.7,3.2,True,False,True,13.45,False,0.0,-1.5500000000000007,0.0,0
49.0,146986.0,35.1,3.9,True,False,True,13.45,False,0.0,-1.5500000000000007,0.0,0
49.0,146951.0,49.6,6.54,True,False,True,13.19,False,0.0,-1.8100000000000005,0.0,0
49.0,146901.0,49.0,6.55,True,False,True,13.37,False,0.0,-1.6300000000000008,0.0,0
49.0,146852.0,49.1,6.2,True,False,True,12.63,False,0.0,-2.369999999999999,0.0,0
49.0,146747.0,39.4,8.45,True,True,True,11.16,False,0.0,-3.84,0.0,0
49.0,146708.0,66.8,3.4,True,True,True,11.16,False,0.0,-3.84,0.0,0
49.0,146641.0,51.4,6.53,True,False,True,12.7,False,0.0,-2.3000000000000007,0.0,0
49.0,146590.0,50.3,6.57,True,False,True,13.06,False,0.0,-1.9399999999999995,0.0,0
49.0,146539.0,49.8,6.55,True,False,True,13.15,False,0.0,-1.85,0.0,0
49.0,146490.0,29.0,7.9,True,True,True,12.17,False,0.0,-2.83,0.0,0
49.0,146461.0,73.7,4.6,True,True,True,12.17,False,0.0,-2.83,0.0,0
49.0,146387.0,16.1,2.46,False,False,True,12.5,False,0.0,-2.5,0.0,0
49.0,146371.0,35.6,4.0,True,False,True,12.5,False,0.0,-2.5,0.0,0
49.0,146335.0,49.1,6.26,True,False,True,12.75,False,0.0,-2.25,0.0,0
49.0,146286.0,52.7,7.05,True,False,True,13.38,False,0.0,-1.6199999999999992,0.0,0
49.0,146233.0,48.5,6.66,True,False,True,13.73,False,0.0,-1.2699999999999996,0.0,0
49.0,146185.0,60.5,7.44,True,False,True,12.3,False,0.0,-2.6999999999999997,0.0,0
49.0,146124.0,40.1,8.62,False,True,False,11.77,False,0.0,-3.2300000000000004,0.0,0
49.0,146084.0,60.4,6.42,False,True,True,11.77,False,0.0,-3.2300000000000004,0.0,0
49.0,146023.0,64.8,4.41,False,True,True,11.77,False,0.0,-3.2300000000000004,0.0,0
49.0,145959.0,28.4,6.6,True,False,True,13.64,False,0.0,-1.3599999999999994,0.0,0
49.0,145930.0,6.2,2.6,True,True,True,13.64,False,0.0,-1.3599999999999994,0.0,0
49.0,145924.0,21.8,3.17,False,True,True,13.64,False,0.0,-1.3599999999999994,2.0,0
49.0,145902.0,78.3,6.0,False,True,True,13.64,False,0.0,-1.3599999999999994,2.0,0
49.0,145824.0,48.3,5.96,True,False,True,12.34,False,0.0,-2.66,0.0,0
49.0,145776.0,48.1,6.08,True,False,True,12.64,False,0.0,-2.3599999999999994,0.0,0
49.0,145727.0,47.0,5.97,True,False,True,12.7,False,0.0,-2.3000000000000007,0.0,0
49.0,145559.0,65.0,5.09,False,True,True,12.37,False,0.0,-2.630000000000001,0.0,0
49.0,145494.0,65.2,9.94,False,True,True,12.41,False,0.0,-2.59,0.0,0
49.0,145428.0,65.2,6.24,False,True,True,12.41,False,0.0,-2.59,0.0,0
49.0,145363.0,37.4,8.29,True,True,True,11.57,False,0.0,-3.43,0.0,0
49.0,145326.0,64.5,3.5,True,True,True,11.57,False,0.0,-3.43,0.0,0
49.0,145261.0,57.5,7.16,True,False,True,12.45,False,0.0,-2.5500000000000007,0.0,0
49.0,145204.0,20.6,5.46,False,False,True,12.27,False,0.0,-2.7300000000000004,0.0,0
49.0,145183.0,40.2,2.0,True,False,True,12.27,False,0.0,-2.7300000000000004,0.0,0
49.0,145143.0,52.1,6.42,True,False,True,12.32,False,0.0,-2.68,0.0,0
49.0,145727.0,47.0,5.97,True,False,True,12.7,False,0.0,-2.3000000000000007,0.0,0
49.0,145091.0,17.8,4.63,False,False,True,12.73,False,0.0,-2.27,0.0,0
49.0,145073.0,34.3,2.0,True,False,True,12.73,False,0.0,-2.27,0.0,0
49.0,145038.0,49.0,6.1,True,False,True,12.45,False,0.0,-2.5500000000000007,0.0,0
49.0,144989.0,24.5,7.56,False,True,True,12.52,False,0.0,-2.4800000000000004,0.0,0
49.0,144965.0,25.9,3.5,True,True,True,12.52,False,0.0,-2.4800000000000004,0.0,0
49.0,144939.0,71.9,4.25,True,True,True,12.52,False,0.0,-2.4800000000000004,0.0,0
49.0,144867.0,17.6,2.8,True,False,True,12.2,False,0.0,-2.8000000000000007,0.0,0
49.0,144849.0,35.0,4.4,True,False,True,12.2,False,0.0,-2.8000000000000007,0.0,0
49.0,144814.0,44.8,8.75,True,True,True,12.2,False,0.0,-2.8000000000000007,0.0,0
49.0,144770.0,57.9,3.0,True,False,True,12.2,False,0.0,-2.8000000000000007,0.0,0
49.0,144712.0,47.6,6.22,True,False,True,13.07,False,0.0,-1.93,0.0,0
49.0,144664.0,57.1,7.2,True,False,True,12.61,False,0.0,-2.390000000000001,0.0,0
49.0,144607.0,10.4,5.83,True,False,True,11.6,False,0.0,-3.4000000000000004,0.0,0
49.0,144596.0,79.5,4.6,True,False,True,11.6,False,0.0,-3.4000000000000004,0.0,0
49.0,144517.0,68.2,8.1,True,False,True,11.88,False,0.0,-3.119999999999999,0.0,0
49.0,144449.0,48.9,6.09,True,False,True,12.45,False,0.0,-2.5500000000000007,0.0,0
49.0,144400.0,47.8,6.35,True,False,True,11.98,False,0.0,-3.02,0.0,0
49.0,144352.0,49.1,5.26,True,False,True,11.98,False,0.0,-3.02,0.0,0
49.0,144303.0,40.5,8.6,False,True,False,10.31,False,0.0,-4.69,0.0,0
49.0,144262.0,58.4,6.3,False,True,False,10.31,False,0.0,-4.69,0.0,0
49.0,144204.0,65.0,6.15,False,True,False,10.31,False,0.0,-4.69,0.0,0
49.0,144139.0,46.6,4.4,True,True,False,10.31,False,0.0,-4.69,0.0,0
49.0,144092.0,63.5,4.86,True,True,False,10.31,False,0.0,-4.69,0.0,0
49.0,144029.0,34.6,4.66,False,True,False,10.31,False,0.0,-4.69,0.0,0
49.0,143994.0,58.4,4.65,False,True,False,10.31,False,0.0,-4.69,0.0,0
49.0,143936.0,50.4,3.41,True,True,False,10.31,False,0.0,-4.69,2.0,0
49.0,143871.0,23.9,5.1,False,False,True,11.68,False,0.0,-3.3200000000000003,0.0,0
49.0,143847.0,39.9,2.9,False,False,True,11.68,False,0.0,-3.3200000000000003,0.0,0
49.0,143807.0,46.6,4.9,True,False,True,11.68,False,0.0,-3.3200000000000003,0.0,0
49.0,143761.0,12.3,1.7,True,False,True,13.82,False,0.0,-1.1799999999999995,0.0,0
49.0,143748.0,12.6,1.7,True,False,True,13.49,False,0.0,-1.5099999999999998,0.0,0
49.0,143736.0,40.8,8.6,False,False,True,11.05,False,0.0,-3.9499999999999993,0.0,0
49.0,143695.0,70.5,3.7,False,False,True,11.05,False,0.0,-3.9499999999999993,0.0,0
49.0,143624.0,12.3,1.7,False,False,True,13.82,False,0.0,-1.1799999999999995,0.0,0
49.0,143612.0,12.7,2.6,True,True,True,10.79,False,0.0,-4.210000000000001,0.0,0
49.0,143599.0,61.9,9.0,True,True,True,10.79,False,0.0,-4.210000000000001,0.0,0
49.0,143537.0,57.4,7.12,False,True,False,10.79,False,0.0,-4.210000000000001,0.0,0
49.0,143480.0,56.3,4.85,False,True,False,10.79,False,0.0,-4.210000000000001,0.0,0
49.0,143424.0,39.9,4.5,False,True,True,10.79,False,0.0,-4.210000000000001,0.0,0
49.0,143384.0,46.3,4.43,False,True,True,10.79,False,0.0,-4.210000000000001,0.0,0
49.0,143334.0,65.4,0.6,True,True,False,10.79,False,0.0,-4.210000000000001,0.0,0
49.0,143268.0,78.8,5.0,False,True,True,10.79,False,0.0,-4.210000000000001,0.0,0
49.0,143189.0,25.1,3.63,True,False,True,14.46,False,0.0,-0.5399999999999991,0.0,0
49.0,143164.0,19.8,3.6,True,False,True,12.57,False,0.0,-2.43,0.0,0
49.0,143144.0,34.3,3.2,True,False,True,12.57,False,0.0,-2.43,0.0,0
49.0,143110.0,43.0,6.042584269662921,True,True,True,12.60933549432739,False,0.0,-2.3906645056726092,0.0,0
49.0,143067.0,70.9,4.0,True,True,True,12.60933549432739,False,0.0,-2.3906645056726092,0.0,0
49.0,142996.0,52.8,6.4,True,True,True,12.12,False,0.0,-2.880000000000001,0.0,0
49.0,142943.0,64.5,7.8,True,True,True,12.09,False,0.0,-2.91,0.0,0
49.0,142879.0,68.6,8.55,True,False,True,12.46,False,0.0,-2.539999999999999,0.0,0
49.0,142810.0,51.1,6.76,True,False,True,13.23,False,0.0,-1.7699999999999996,0.0,0
49.0,142759.0,49.8,6.33,True,False,True,12.71,False,0.0,-2.289999999999999,0.0,0
49.0,142670.0,26.3,6.042584269662921,True,False,True,12.60933549432739,False,0.0,-2.3906645056726092,0.0,0
49.0,142644.0,80.5,6.042584269662921,True,False,True,12.60933549432739,False,0.0,-2.3906645056726092,2.0,0
49.0,142563.0,65.3,8.57,True,False,True,11.85,False,0.0,-3.1500000000000004,0.0,0
49.0,142498.0,39.9,3.9,True,False,True,11.85,False,0.0,-3.1500000000000004,0.0,0
49.0,142458.0,53.7,6.38,True,False,True,11.88,False,0.0,-3.119999999999999,0.0,0
49.0,142404.0,64.1,7.55,True,False,True,11.78,False,0.0,-3.2200000000000006,0.0,0
49.0,142340.0,50.8,6.31,True,False,True,12.42,False,0.0,-2.58,0.0,0
49.0,142288.0,51.8,6.042584269662921,True,False,True,12.60933549432739,False,0.0,-2.3906645056726092,0.0,0
49.0,142236.0,70.7,6.042584269662921,True,True,True,12.60933549432739,False,0.0,-2.3906645056726092,0.0,0
49.0,142165.0,69.8,8.1,True,True,True,11.6,False,0.0,-3.4000000000000004,0.0,0
49.0,142095.0,43.5,5.62,True,False,True,12.92,False,0.0,-2.08,0.0,0
49.0,142052.0,48.7,6.042584269662921,True,False,True,12.60933549432739,False,0.0,-2.3906645056726092,0.0,0
49.0,142003.0,67.2,7.43,True,False,True,11.06,False,0.0,-3.94,0.0,0
49.0,141936.0,33.6,4.0,True,False,True,11.9,False,0.0,-3.1,0.0,0
49.0,141902.0,47.7,5.2,True,False,True,10.9,False,0.0,-4.1,0.0,0
49.0,141854.0,47.7,5.82,True,False,True,12.2,False,0.0,-2.8000000000000007,0.0,0
49.0,141807.0,24.5,4.83,False,True,True,11.02,False,0.0,-3.98,0.0,0
49.0,141782.0,49.2,3.29,True,True,True,11.02,True,0.0,-3.98,0.0,0
49.0,141733.0,78.2,8.54,True,True,True,10.92,False,0.0,-4.08,0.0,0
49.0,141655.0,47.9,5.69,True,False,True,11.88,False,0.0,-3.119999999999999,0.0,0
49.0,141607.0,47.9,5.48,True,False,True,11.44,False,0.0,-3.5600000000000005,0.0,0
49.0,141559.0,50.1,5.77,True,False,True,11.52,False,0.0,-3.4800000000000004,0.0,0
49.0,141509.0,19.0,2.95,False,False,True,11.86,False,0.0,-3.140000000000001,0.0,0
49.0,141490.0,33.7,3.3,True,False,True,11.86,False,0.0,-3.140000000000001,0.0,0
49.0,141456.0,48.3,5.98,True,False,True,12.38,False,0.0,-2.619999999999999,0.0,0
49.0,141408.0,58.6,9.41,True,True,True,11.24,False,0.0,-3.76,0.0,0
49.0,141349.0,39.3,1.59,True,False,True,11.24,False,0.0,-3.76,0.0,0
49.0,141310.0,48.8,6.15,True,False,True,12.6,False,0.0,-2.4000000000000004,0.0,0
49.0,141261.0,48.6,5.61,True,False,True,11.54,False,0.0,-3.460000000000001,0.0,0
49.0,141212.0,47.9,5.42,True,False,True,11.32,False,0.0,-3.68,0.0,0
49.0,141164.0,48.3,6.042584269662921,True,False,True,12.60933549432739,False,0.0,-2.3906645056726092,0.0,0
49.0,141116.0,55.7,6.042584269662921,True,False,True,12.60933549432739,False,0.0,-2.3906645056726092,0.0,0
49.0,141060.0,69.0,8.61,True,True,True,12.48,False,0.0,-2.52,0.0,0
49.0,140991.0,40.2,6.042584269662921,True,False,True,12.60933549432739,False,0.0,-2.3906645056726092,0.0,0
49.0,140796.0,59.6,7.51,False,True,False,11.72,True,0.0,-3.28,0.0,0
49.0,140736.0,44.8,6.0,False,True,False,11.72,True,0.0,-3.28,0.0,0
49.0,140692.0,55.5,6.02,False,True,False,11.72,True,0.0,-3.28,0.0,0
49.0,140636.0,47.9,6.08,False,True,False,11.72,False,0.0,-3.28,0.0,0
49.0,140588.0,51.0,6.12,True,True,True,11.72,False,0.0,-3.28,2.0,0
49.0,140537.0,52.8,5.7,True,False,True,11.72,False,0.0,-3.28,0.0,0
49.0,140484.0,46.6,6.09,True,False,True,11.72,False,0.0,-3.28,0.0,0
49.0,140438.0,69.3,7.2,False,True,True,11.72,False,0.0,-3.28,0.0,0
49.0,140369.0,44.5,5.13,False,True,True,11.72,False,0.0,-3.28,2.0,0
49.0,140324.0,31.4,4.42,False,False,True,11.72,False,0.0,-3.28,0.0,0
49.0,140293.0,73.6,4.5,False,False,True,11.72,False,0.0,-3.28,0.0,0
49.0,140219.0,37.1,4.18,False,False,True,11.27,False,0.0,-3.73,1.0,0
49.0,140182.0,32.9,4.44,False,False,True,11.43,False,0.0,-3.5700000000000003,0.0,0
49.0,140149.0,36.5,6.62,True,False,True,11.43,False,0.0,-3.5700000000000003,0.0,0
49.0,140111.0,68.0,5.99,False,False,True,11.43,False,0.0,-3.5700000000000003,1.0,0
49.0,140043.0,72.6,4.24,True,False,True,11.43,False,0.0,-3.5700000000000003,0.0,0
49.0,139867.0,63.0,1.44,False,False,True,11.42,False,0.0,-3.58,0.0,0
49.0,139804.0,25.3,3.22,False,False,True,11.42,False,0.0,-3.58,0.0,0
49.0,139778.0,32.5,5.4,True,False,True,11.42,False,0.0,-3.58,0.0,0
49.0,139746.0,64.9,5.81,False,True,False,11.42,False,0.0,-3.58,1.0,0
49.0,139681.0,48.6,6.79,True,False,True,11.42,False,0.0,-3.58,0.0,0
49.0,139632.0,55.0,5.69,True,False,True,11.42,False,0.0,-3.58,0.0,0
49.0,139577.0,33.2,5.49,True,False,True,11.42,False,0.0,-3.58,0.0,0
49.0,139450.0,56.0,4.8,True,False,True,12.47,False,0.0,-2.53,0.0,0
49.0,139391.0,60.7,4.6,True,False,True,12.47,False,0.0,-2.53,0.0,0
49.0,139331.0,42.2,6.06,True,False,True,12.47,False,0.0,-2.53,0.0,0
49.0,139288.0,43.9,1.99,True,False,True,12.47,False,0.0,-2.53,0.0,0
49.0,139244.0,82.6,9.78,False,False,True,11.84,False,0.0,-3.16,0.0,0
49.0,139162.0,66.7,11.22,False,True,True,11.04,False,0.0,-3.960000000000001,1.0,0
49.0,139095.0,73.8,7.65,False,True,False,11.04,False,0.0,-3.960000000000001,0.0,0
49.0,139021.0,82.3,8.1,False,True,True,11.04,False,0.0,-3.960000000000001,0.0,0
49.0,138939.0,45.9,5.6,False,False,True,11.04,False,0.0,-3.960000000000001,0.0,0
49.0,138893.0,51.0,6.42,False,False,True,11.04,False,0.0,-3.960000000000001,0.0,0
49.0,138842.0,59.5,5.6,True,True,True,11.04,True,0.0,-3.960000000000001,0.0,0
49.0,138783.0,37.4,4.13,True,True,False,11.04,True,0.0,-3.960000000000001,0.0,0
49.0,138745.0,55.7,6.27,False,True,False,11.04,True,0.0,-3.960000000000001,0.0,0
49.0,138690.0,55.4,5.41,False,True,False,11.04,False,0.0,-3.960000000000001,0.0,0
49.0,138634.0,53.5,4.86,False,True,True,11.04,False,0.0,-3.960000000000001,0.0,0
49.0,138581.0,51.8,7.0,False,True,True,11.04,False,0.0,-3.960000000000001,0.0,0
49.0,138529.0,89.4,7.5,False,True,True,11.04,False,0.0,-3.960000000000001,0.0,0
49.0,138440.0,49.2,5.98,True,False,True,12.15,False,0.0,-2.85,0.0,0
49.0,138292.0,19.8,2.5,True,False,True,12.63,False,0.0,-2.369999999999999,0.0,0
49.0,138273.0,47.7,5.66,True,False,True,11.87,False,0.0,-3.130000000000001,0.0,0
49.0,138225.0,51.5,6.07,True,False,True,11.79,False,0.0,-3.210000000000001,0.0,0
49.0,138173.0,48.3,6.04,True,False,True,12.51,False,0.0,-2.49,0.0,0
49.0,138125.0,48.0,5.93,True,False,True,12.35,False,0.0,-2.6500000000000004,0.0,0
49.0,138077.0,48.6,5.79,True,False,True,11.91,False,0.0,-3.09,0.0,0
49.0,138028.0,32.7,4.75,True,True,True,11.88,False,0.0,-3.119999999999999,0.0,0
49.0,137996.0,66.5,7.03,True,True,True,11.88,False,0.0,-3.119999999999999,0.0,0
49.0,137929.0,26.9,3.2,True,False,True,11.9,True,0.0,-3.1,0.0,0
49.0,137902.0,48.4,5.41,True,False,True,11.18,False,0.0,-3.82,0.0,0
49.0,137854.0,50.8,6.14,True,False,True,12.09,True,0.0,-2.91,0.0,0
49.0,137803.0,48.3,5.35,True,False,True,11.08,False,0.0,-3.92,0.0,0
49.0,137754.0,47.6,5.48,True,False,True,11.51,False,0.0,-3.49,0.0,0
49.0,137707.0,66.5,7.66,True,False,True,11.52,False,0.0,-3.4800000000000004,0.0,0
49.0,137640.0,47.5,5.35,True,True,True,11.26,False,0.0,-3.74,0.0,0
49.0,137593.0,49.0,6.11,True,False,True,12.47,False,0.0,-2.53,0.0,0
49.0,137544.0,48.2,5.74,True,False,True,11.91,False,0.0,-3.09,0.0,0
49.0,137495.0,47.9,5.7,True,False,True,11.9,False,0.0,-3.1,0.0,0
49.0,137447.0,48.5,5.65,True,False,True,11.65,False,0.0,-3.35,0.0,0
49.0,137399.0,47.6,5.57,True,False,True,11.7,False,0.0,-3.3000000000000007,0.0,0
49.0,137351.0,35.9,7.56,True,False,True,11.84,True,0.0,-3.16,0.0,0
49.0,137315.0,69.3,4.9,True,True,True,11.84,True,0.0,-3.16,0.0,0
49.0,137246.0,48.2,5.51,True,False,True,11.43,False,0.0,-3.5700000000000003,0.0,0
49.0,137198.0,47.7,5.69,True,False,True,11.93,False,0.0,-3.0700000000000003,0.0,0
49.0,137150.0,47.6,5.6,True,False,True,11.76,False,0.0,-3.24,0.0,0
49.0,137102.0,48.5,5.37,True,False,True,11.07,False,0.0,-3.93,0.0,0
49.0,137054.0,50.4,6.34,True,False,True,12.58,False,0.0,-2.42,0.0,0
49.0,137003.0,83.8,10.82,True,True,True,12.91,False,0.0,-2.09,0.0,0
49.0,136919.0,52.9,10.1,True,True,True,11.09,False,0.0,-3.91,0.0,0
49.0,136867.0,52.5,1.59,True,False,True,11.09,False,0.0,-3.91,0.0,0
49.0,136814.0,61.2,7.52,True,False,True,12.29,False,0.0,-2.710000000000001,0.0,0
49.0,136753.0,62.8,7.58,True,False,True,12.07,False,0.0,-2.93,0.0,0
49.0,136690.0,56.0,6.47,True,False,True,11.55,False,0.0,-3.4499999999999997,0.0,0
49.0,136634.0,66.1,7.66,True,False,True,11.59,False,0.0,-3.41,0.0,0
49.0,136471.0,34.3,4.37,False,True,True,12.74,False,0.0,-2.26,0.0,0
49.0,136437.0,33.6,4.19,False,True,True,12.47,False,0.0,-2.53,2.0,0
49.0,136403.0,62.8,7.16,True,True,True,11.4,True,0.0,-3.6,0.0,0
49.0,136340.0,25.7,3.4,True,False,True,13.23,True,0.0,-1.7699999999999996,0.0,0
49.0,136314.0,42.3,5.26,True,False,True,12.43,True,0.0,-2.5700000000000003,0.0,0
49.0,136272.0,79.2,8.81,True,True,True,11.12,True,0.0,-3.880000000000001,0.0,0
49.0,136193.0,32.3,5.64,True,True,True,11.82,True,0.0,-3.18,0.0,0
49.0,136160.0,38.1,2.68,True,True,True,11.82,True,0.0,-3.18,0.0,0
49.0,136122.0,67.7,8.22,True,True,True,12.14,True,0.0,-2.8599999999999994,0.0,0
49.0,136055.0,78.0,9.09,True,True,True,11.65,False,0.0,-3.35,0.0,0
49.0,135976.0,31.3,3.9,True,True,True,12.46,False,0.0,-2.539999999999999,0.0,0
49.0,135945.0,59.7,7.0,True,True,True,11.67,False,0.0,-3.33,0.0,0
49.0,135885.0,32.3,3.74,True,True,True,11.67,False,0.0,-3.33,0.0,0
49.0,135853.0,69.6,7.65,True,True,True,10.99,False,0.0,-4.01,0.0,0
49.0,135783.0,47.6,5.47,True,False,True,11.49,False,0.0,-3.51,0.0,0
49.0,135735.0,47.7,5.47,True,False,True,11.47,False,0.0,-3.53,0.0,0
49.0,135688.0,66.1,6.042584269662921,True,False,True,12.60933549432739,False,0.0,-2.3906645056726092,0.0,0
49.0,135512.0,65.8,7.8,True,False,True,11.85,False,0.0,-3.1500000000000004,0.0,0
49.0,135446.0,12.7,4.16,True,False,True,10.5,False,0.0,-4.5,0.0,0
49.0,135340.0,48.0,6.33,True,False,True,13.19,False,0.0,-1.8100000000000005,0.0,0
49.0,135292.0,70.2,8.55,True,False,True,12.18,False,0.0,-2.8200000000000003,0.0,0
49.0,135222.0,59.6,9.56,False,True,True,10.16,False,0.0,-4.84,0.0,0
49.0,135162.0,68.4,3.45,False,True,True,10.16,False,0.0,-4.84,0.0,0
49.0,135094.0,34.4,9.3,False,False,True,12.11,False,0.0,-2.890000000000001,1.0,0
49.0,135060.0,39.0,3.5,False,True,True,12.11,False,0.0,-2.890000000000001,0.0,0
49.0,135021.0,80.1,5.79,False,True,True,12.11,False,0.0,-2.890000000000001,0.0,0
49.0,134940.0,16.1,2.03,True,False,True,12.61,False,0.0,-2.390000000000001,0.0,0
49.0,134924.0,50.5,5.82,True,False,True,11.52,False,0.0,-3.4800000000000004,0.0,0
49.0,134874.0,63.1,7.13,True,False,True,11.3,False,0.0,-3.6999999999999993,0.0,0
49.0,134811.0,52.6,6.24,True,False,True,11.86,False,0.0,-3.140000000000001,0.0,0
49.0,134758.0,49.2,5.73,True,False,True,11.65,False,0.0,-3.35,0.0,0
49.0,134709.0,33.2,10.0,False,True,True,10.42,False,0.0,-4.58,0.0,0
49.0,134675.0,58.6,2.82,False,True,False,10.42,False,0.0,-4.58,0.0,0
49.0,134525.0,27.6,3.89,False,True,False,10.42,True,0.0,-4.58,0.0,0
49.0,134497.0,57.1,5.3,False,True,False,10.42,True,0.0,-4.58,0.0,0
49.0,134440.0,64.5,6.75,False,True,False,10.42,True,0.0,-4.58,0.0,0
49.0,134376.0,74.3,5.1,False,True,True,10.42,True,0.0,-4.58,0.0,0
49.0,134302.0,30.0,4.0,False,True,False,13.33,False,0.0,-1.67,0.0,0
49.0,134271.0,53.5,5.85,False,False,True,10.53,True,0.0,-4.470000000000001,0.0,0
49.0,134218.0,31.6,6.55,False,False,True,10.53,False,0.0,-4.470000000000001,0.0,0
49.0,134085.0,16.4,6.042584269662921,True,False,False,12.60933549432739,False,0.0,-2.3906645056726092,0.0,0
49.0,134069.0,9.3,4.5,True,False,False,10.27,False,0.0,-4.73,0.0,0
49.0,134059.0,69.1,6.88,False,True,False,10.27,False,0.0,-4.73,0.0,0
49.0,133990.0,59.1,6.0,False,True,True,10.27,False,0.0,-4.73,0.0,0
49.0,133931.0,90.1,6.36,False,True,False,10.27,False,0.0,-4.73,0.0,0
49.0,133841.0,64.7,8.4,False,True,False,10.27,False,0.0,-4.73,0.0,0
49.0,133776.0,39.6,5.6,False,True,False,10.27,False,0.0,-4.73,0.0,0
49.0,133737.0,61.9,5.1,False,True,False,10.27,False,0.0,-4.73,0.0,0
49.0,133675.0,75.2,4.71,False,True,False,10.27,False,0.0,-4.73,0.0,0
49.0,133600.0,72.9,8.08,False,True,False,10.27,False,0.0,-4.73,0.0,0
49.0,133527.0,29.7,3.89,True,False,True,13.1,False,0.0,-1.9000000000000004,0.0,0
49.0,133497.0,55.8,8.6,True,True,True,10.94,False,0.0,-4.0600000000000005,0.0,0
49.0,133441.0,58.5,3.91,True,False,True,10.94,False,0.0,-4.0600000000000005,0.0,0
49.0,133383.0,50.5,6.0,True,False,True,11.88,False,0.0,-3.119999999999999,0.0,0
49.0,133332.0,76.6,10.1,False,True,True,11.56,False,0.0,-3.4399999999999995,0.0,0
49.0,133256.0,47.4,7.08,False,False,True,11.56,False,0.0,-3.4399999999999995,0.0,0
49.0,133208.0,47.8,5.45,False,False,True,11.56,False,0.0,-3.4399999999999995,0.0,0
49.0,133160.0,75.8,6.0,False,True,False,11.56,False,0.0,-3.4399999999999995,2.0,0
49.0,133085.0,42.1,5.45,True,False,True,12.95,False,0.0,-2.0500000000000007,0.0,0
49.0,133042.0,51.7,6.02,True,False,True,11.64,False,0.0,-3.3599999999999994,0.0,0
49.0,132991.0,50.4,5.75,True,False,True,11.41,False,0.0,-3.59,0.0,0
49.0,132940.0,48.6,5.5,True,False,True,11.32,False,0.0,-3.68,0.0,0
49.0,132892.0,51.4,5.82,True,False,True,11.32,False,0.0,-3.68,0.0,0
49.0,132840.0,61.1,7.29,True,False,True,11.93,False,0.0,-3.0700000000000003,0.0,0
49.0,132779.0,74.0,8.79,True,True,True,11.88,False,0.0,-3.119999999999999,0.0,0
49.0,132705.0,49.1,5.98,True,False,True,12.18,False,0.0,-2.8200000000000003,0.0,0
49.0,132656.0,83.6,10.01,True,True,True,11.97,False,0.0,-3.03,0.0,0
49.0,132572.0,65.4,10.88,True,True,True,11.58,False,0.0,-3.42,0.0,0
49.0,132507.0,58.4,3.45,True,False,True,11.58,False,0.0,-3.42,0.0,0
49.0,132448.0,52.8,6.59,True,False,True,12.48,False,0.0,-2.52,0.0,0
49.0,132395.0,47.7,5.92,True,False,True,12.41,False,0.0,-2.59,0.0,0
49.0,132348.0,63.1,7.82,True,False,True,12.39,False,0.0,-2.6099999999999994,2.0,0
49.0,132284.0,57.8,8.7,True,True,True,11.7,False,0.0,-3.3000000000000007,0.0,0
49.0,132226.0,74.6,6.79,True,True,True,11.7,False,0.0,-3.3000000000000007,0.0,0
49.0,132151.0,36.1,10.17,True,True,True,12.9,False,0.0,-2.1,0.0,0
49.0,132115.0,29.4,4.5,False,True,True,12.9,False,0.0,-2.1,2.0,0
49.0,132085.0,76.6,3.66,True,True,True,12.9,False,0.0,-2.1,0.0,0
49.0,132009.0,53.1,6.042584269662921,True,True,True,12.60933549432739,False,0.0,-2.3906645056726092,0.0,0
49.0,131956.0,49.3,6.46,True,False,True,13.1,False,0.0,-1.9000000000000004,0.0,0
49.0,131906.0,80.6,11.52,False,True,True,14.29,False,0.0,-0.7100000000000009,0.0,0
49.0,131745.0,67.1,4.95,True,False,True,11.24,False,0.0,-3.76,0.0,0
49.0,131675.0,82.4,6.65,True,True,True,11.24,False,0.0,-3.76,0.0,0
49.0,131593.0,32.1,3.7,False,True,True,11.24,False,0.0,-3.76,0.0,0
49.0,131561.0,32.6,9.65,False,True,True,11.6,False,0.0,-3.4000000000000004,1.0,0
49.0,131528.0,83.2,3.78,False,True,True,11.6,False,0.0,-3.4000000000000004,1.0,0
49.0,131445.0,26.9,7.1,False,True,False,11.48,False,0.0,-3.52,0.0,0
49.0,131418.0,89.0,6.2,False,True,False,11.48,False,0.0,-3.52,0.0,0
49.0,131329.0,72.6,10.33,False,True,False,11.39,False,0.0,-3.61,0.0,0
49.0,131256.0,47.4,5.02,False,False,True,11.39,False,0.0,-3.61,0.0,0
49.0,131209.0,47.6,6.54,False,False,True,11.39,False,0.0,-3.61,0.0,0
49.0,131161.0,72.9,5.5,False,True,False,11.39,False,0.0,-3.61,0.0,0
49.0,131089.0,52.8,6.37,True,False,True,12.06,False,0.0,-2.9399999999999995,0.0,0
49.0,131036.0,36.6,4.82,False,True,True,11.77,False,0.0,-3.2300000000000004,0.0,0
49.0,130999.0,22.8,6.72,True,True,True,11.77,False,0.0,-3.2300000000000004,0.0,0
49.0,130976.0,59.0,2.4,True,False,True,11.77,False,0.0,-3.2300000000000004,0.0,0
49.0,130917.0,53.5,6.55,True,False,True,12.24,False,0.0,-2.76,0.0,0
49.0,130864.0,49.3,6.0,True,False,True,12.17,False,0.0,-2.83,0.0,0
49.0,130814.0,26.2,3.53,True,False,True,13.47,False,0.0,-1.5299999999999994,0.0,0
49.0,130788.0,47.2,6.11,True,False,True,12.94,False,0.0,-2.0600000000000005,0.0,0
49.0,130741.0,51.7,6.68,True,False,True,12.92,False,0.0,-2.08,0.0,0
49.0,130689.0,51.7,6.76,True,False,True,13.08,True,0.0,-1.92,0.0,0
49.0,130637.0,56.7,6.92,True,False,True,12.2,False,0.0,-2.8000000000000007,0.0,0
49.0,130580.0,37.7,4.86,True,True,True,13.8,False,0.0,-1.1999999999999993,0.0,0
49.0,130543.0,32.3,4.8,True,False,True,13.8,False,0.0,-1.1999999999999993,0.0,0
49.0,130509.0,64.5,11.63,False,True,False,13.42,False,0.0,-1.58,0.0,0
49.0,130446.0,65.0,5.75,False,True,True,13.42,False,0.0,-1.58,0.0,0
49.0,130316.0,65.1,8.15,False,True,False,15.32,False,0.0,0.3200000000000003,2.0,0
49.0,130250.0,76.6,9.75,True,True,True,12.73,False,0.0,-2.27,0.0,0
49.0,130174.0,82.2,9.48,False,True,True,11.53,False,0.0,-3.4700000000000006,0.0,0
49.0,130092.0,81.7,11.15,False,True,True,13.65,False,0.0,-1.3499999999999996,0.0,0
49.0,130009.0,52.3,6.55,True,False,True,12.52,False,0.0,-2.4800000000000004,0.0,0
49.0,129958.0,52.2,6.55,True,False,True,12.55,False,0.0,-2.4499999999999997,0.0,0
49.0,129905.0,47.7,5.83,True,False,True,12.22,False,0.0,-2.78,0.0,0
49.0,129858.0,50.9,6.63,True,False,True,13.03,False,0.0,-1.9700000000000009,0.0,0
49.0,129806.0,79.8,9.27,False,True,True,11.84,False,0.0,-3.16,0.0,0
49.0,129727.0,10.4,5.07,False,False,True,11.84,False,0.0,-3.16,0.0,0
49.0,129716.0,29.7,4.0,True,True,False,11.84,False,0.0,-3.16,0.0,0
49.0,129687.0,57.9,2.72,True,False,True,11.84,False,0.0,-3.16,0.0,0
49.0,129628.0,63.3,7.97,True,False,True,12.59,False,0.0,-2.41,0.0,0
49.0,129565.0,47.9,5.85,True,False,True,12.21,False,0.0,-2.789999999999999,0.0,0
49.0,129518.0,62.9,7.78,True,False,True,12.37,False,0.0,-2.630000000000001,0.0,0
49.0,129455.0,47.9,5.67,True,False,True,11.84,False,0.0,-3.16,0.0,0
49.0,129407.0,47.9,5.6,True,False,True,11.69,False,0.0,-3.3100000000000005,0.0,0
49.0,129359.0,69.6,8.5,True,True,True,12.21,False,0.0,-2.789999999999999,0.0,0
49.0,129288.0,53.7,6.26,True,False,True,11.66,False,0.0,-3.34,0.0,0
49.0,129235.0,29.8,7.83,True,True,True,11.59,False,0.0,-3.41,0.0,0
49.0,129205.0,79.2,4.8,True,True,True,11.59,False,0.0,-3.41,0.0,0
49.0,129126.0,32.3,8.46,False,True,True,12.11,False,0.0,-2.890000000000001,0.0,0
49.0,129094.0,15.0,2.7,False,False,True,12.11,False,0.0,-2.890000000000001,0.0,0
49.0,129079.0,79.9,4.25,True,True,True,12.11,False,0.0,-2.890000000000001,0.0,0
49.0,128999.0,51.9,6.45,True,False,True,12.43,False,0.0,-2.5700000000000003,0.0,0
49.0,128947.0,54.3,6.68,True,False,True,12.3,False,0.0,-2.6999999999999997,0.0,0
49.0,128893.0,47.1,6.24,True,False,True,13.25,False,0.0,-1.75,0.0,0
49.0,128846.0,37.5,11.65,False,True,True,11.56,False,0.0,-3.4399999999999995,1.0,0
49.0,128808.0,64.3,3.18,False,True,True,11.56,False,0.0,-3.4399999999999995,1.0,0
49.0,128744.0,37.1,5.87,False,True,False,11.56,False,0.0,-3.4399999999999995,0.0,0
49.0,128707.0,30.1,4.0,False,True,False,11.56,False,0.0,-3.4399999999999995,0.0,0
49.0,128676.0,47.2,3.5,False,True,False,11.56,False,0.0,-3.4399999999999995,0.0,0
49.0,128628.0,84.2,7.5,False,True,True,11.56,False,0.0,-3.4399999999999995,0.0,0
49.0,128544.0,64.1,6.42,True,True,False,11.56,False,0.0,-3.4399999999999995,0.0,0
49.0,128481.0,31.1,8.3,False,True,False,11.55,False,0.0,-3.4499999999999997,0.0,0
49.0,128449.0,55.7,5.65,False,True,False,11.55,False,0.0,-3.4499999999999997,0.0,0
49.0,128394.0,56.2,6.36,False,True,False,11.55,False,0.0,-3.4499999999999997,0.0,0
49.0,128338.0,64.5,5.67,False,True,False,11.55,False,0.0,-3.4499999999999997,0.0,0
49.0,128274.0,10.5,4.41,False,True,False,11.55,False,0.0,-3.4499999999999997,0.0,0
49.0,128263.0,29.8,5.15,False,True,False,11.55,False,0.0,-3.4499999999999997,0.0,0
49.0,128233.0,88.6,3.3,False,True,True,11.55,False,0.0,-3.4499999999999997,0.0,0
49.0,128145.0,11.3,4.96,True,False,True,11.59,False,0.0,-3.41,0.0,0
49.0,128133.0,83.3,6.0,True,True,True,11.59,False,0.0,-3.41,0.0,0
49.0,128050.0,43.7,5.1,True,True,True,11.67,False,0.0,-3.33,0.0,0
49.0,128006.0,33.7,5.2,True,True,True,15.43,False,0.0,0.4299999999999997,0.0,0
49.0,127907.0,58.3,4.4,True,False,True,13.16,False,0.0,-1.84,0.0,0
49.0,127848.0,47.7,6.62,True,False,True,13.88,False,0.0,-1.1199999999999992,0.0,0
49.0,127801.0,48.0,6.27,True,False,True,13.06,False,0.0,-1.9399999999999995,0.0,0
49.0,127753.0,73.6,9.74,False,True,True,13.23,False,0.0,-1.7699999999999996,0.0,0
49.0,127679.0,62.4,8.04,True,False,True,12.88,False,0.0,-2.119999999999999,0.0,0
49.0,127617.0,53.7,6.81,True,False,True,12.68,False,0.0,-2.3200000000000003,0.0,0
49.0,127563.0,48.5,6.49,True,False,True,13.38,False,0.0,-1.6199999999999992,0.0,0
49.0,127514.0,56.4,7.34,True,False,True,13.01,False,0.0,-1.99,0.0,0
49.0,127458.0,64.0,7.95,False,True,True,12.42,False,0.0,-2.58,0.0,0
49.0,127394.0,53.8,6.65,True,False,True,12.36,False,0.0,-2.640000000000001,0.0,0
49.0,127340.0,46.9,5.95,True,False,True,12.69,False,0.0,-2.3100000000000005,0.0,0
49.0,127293.0,12.2,5.24,False,False,True,12.54,False,0.0,-2.460000000000001,0.0,1
49.0,127281.0,61.5,4.0,True,True,True,12.54,False,0.0,-2.460000000000001,0.0,1
49.0,127219.0,49.3,6.45,True,False,True,13.08,False,0.0,-1.92,0.0,1
49.0,127170.0,49.4,6.75,True,False,True,13.66,False,0.0,-1.34,0.0,1
49.0,127120.0,48.8,7.0,True,False,True,14.34,False,0.0,-0.6600000000000001,0.0,1
49.0,127072.0,48.3,6.47,True,False,True,13.4,False,0.0,-1.5999999999999996,0.0,1
49.0,127023.0,48.6,6.58,True,False,True,13.54,False,0.0,-1.4600000000000009,0.0,1
49.0,126880.0,82.8,10.86,True,False,True,13.12,False,0.0,-1.8800000000000008,0.0,1
49.0,126797.0,48.7,6.67,True,False,True,13.7,False,0.0,-1.3000000000000007,0.0,1
49.0,126748.0,50.5,6.9,True,False,True,13.66,False,0.0,-1.34,0.0,1
49.0,126697.0,49.6,6.6,True,False,True,13.31,False,0.0,-1.6899999999999995,0.0,1
49.0,126648.0,51.0,6.9,True,False,True,13.53,False,0.0,-1.4700000000000006,0.0,1
49.0,126597.0,51.5,6.5,True,False,True,12.62,False,0.0,-2.380000000000001,0.0,1
49.0,126546.0,67.7,9.2,True,False,True,13.59,False,0.0,-1.41,0.0,1
49.0,126478.0,49.5,6.4,True,False,True,12.93,False,0.0,-2.0700000000000003,0.0,1
49.0,126428.0,53.5,7.37,True,False,True,13.78,False,0.0,-1.2200000000000006,0.0,1
49.0,126375.0,52.5,7.16,True,False,True,13.64,False,0.0,-1.3599999999999994,0.0,1
49.0,126322.0,48.2,6.31,True,False,True,13.09,False,0.0,-1.91,0.0,1
49.0,126274.0,62.2,8.37,True,False,True,13.46,False,0.0,-1.5399999999999991,0.0,1
49.0,126212.0,80.4,11.22,True,False,True,13.96,False,0.0,-1.0399999999999991,0.0,1
49.0,126131.0,61.5,8.25,True,False,True,13.41,False,0.0,-1.59,0.0,1
49.0,126070.0,48.5,6.89,True,False,True,14.21,False,0.0,-0.7899999999999991,0.0,1
49.0,126021.0,48.3,6.85,True,False,True,14.18,False,0.0,-0.8200000000000003,0.0,1
49.0,125973.0,62.7,8.79,True,False,True,14.02,False,0.0,-0.9800000000000004,0.0,1
49.0,125910.0,48.7,7.05,True,False,True,14.48,False,0.0,-0.5199999999999996,0.0,1
49.0,125861.0,49.8,7.06,True,False,True,14.18,False,0.0,-0.8200000000000003,0.0,1
49.0,125812.0,49.1,6.79,True,False,True,13.83,False,0.0,-1.17,0.0,1
49.0,125762.0,52.8,7.09,True,False,True,13.43,False,0.0,-1.5700000000000005,0.0,1
49.0,125710.0,49.4,6.75,True,False,True,13.66,False,0.0,-1.34,0.0,1
49.0,125660.0,80.3,6.042584269662921,True,True,True,12.60933549432739,False,0.0,-2.3906645056726092,0.0,1
49.0,125580.0,47.0,6.82,True,False,True,14.51,False,0.0,-0.4900000000000002,0.0,1
49.0,125533.0,52.6,7.59,True,False,True,14.43,False,0.0,-0.5700000000000003,0.0,1
49.0,125480.0,51.3,7.4,True,False,True,14.42,False,0.0,-0.5800000000000001,0.0,1
49.0,125429.0,48.8,6.8,True,False,True,13.93,False,0.0,-1.0700000000000005,0.0,1
49.0,125380.0,48.5,8.43,True,False,True,14.15,False,0.0,-0.8499999999999996,0.0,1
49.0,125332.0,23.0,7.58,True,False,True,14.15,False,0.0,-0.8499999999999996,0.0,1
49.0,125308.0,66.7,3.45,True,True,True,14.15,False,0.0,-0.8499999999999996,0.0,1
49.0,125242.0,47.1,6.76,True,False,True,14.15,False,0.0,-0.8499999999999996,0.0,1
49.0,125195.0,48.4,7.17,True,False,True,14.81,False,0.0,-0.1899999999999995,0.0,1
49.0,125146.0,52.7,8.14,True,False,True,15.45,False,0.0,0.4499999999999993,0.0,1
49.0,125093.0,51.6,7.81,True,False,True,15.14,False,0.0,0.1400000000000005,0.0,1
49.0,125042.0,47.4,6.99,True,False,True,14.75,False,0.0,-0.25,0.0,1
49.0,124994.0,37.0,5.82,True,False,True,15.73,False,0.0,0.7300000000000004,0.0,1
49.0,124957.0,19.1,3.69,True,False,True,16.06,False,0.0,1.0599999999999987,0.0,1
49.0,124938.0,51.8,7.7,True,False,True,16.06,False,0.0,1.0599999999999987,0.0,1
49.0,124886.0,64.6,10.03,True,False,True,15.53,False,0.0,0.5299999999999994,0.0,1
49.0,124821.0,84.5,6.042584269662921,True,False,True,12.60933549432739,False,0.0,-2.3906645056726092,0.0,1
49.0,124737.0,49.5,7.33,True,False,True,14.81,False,0.0,-0.1899999999999995,0.0,1
49.0,124634.0,25.8,3.95,True,False,True,15.31,False,0.0,0.3100000000000005,0.0,1
49.0,124608.0,60.0,8.13,True,False,True,13.55,False,0.0,-1.4499999999999993,0.0,1
49.0,124548.0,53.9,7.7,True,False,True,14.29,False,0.0,-0.7100000000000009,0.0,1
49.0,124494.0,48.9,8.18,True,False,True,16.73,False,0.0,1.7300000000000004,0.0,1
49.0,124398.0,65.3,9.65,True,False,True,14.78,False,0.0,-0.2200000000000006,0.0,1
49.0,124235.0,48.2,7.34,True,False,True,15.23,False,0.0,0.2300000000000004,0.0,1
49.0,124187.0,48.8,7.16,True,False,True,14.67,False,0.0,-0.33,0.0,1
49.0,124138.0,54.8,8.41,True,False,True,15.35,False,0.0,0.3499999999999996,0.0,1
49.0,124040.0,35.8,5.14,True,False,True,14.36,False,0.0,-0.6400000000000006,0.0,1
49.0,124004.0,62.6,8.98,True,True,True,14.35,False,0.0,-0.6500000000000004,0.0,1
49.0,123867.0,70.2,10.0,False,True,True,14.25,False,0.0,-0.75,0.0,1
49.0,123797.0,32.2,5.15,True,False,True,15.99,False,0.0,0.9900000000000002,0.0,1
49.0,123764.0,69.7,9.95,True,False,True,14.28,False,0.0,-0.7200000000000006,0.0,1
49.0,123617.0,34.1,3.2,True,False,True,14.21,False,0.0,-0.7899999999999991,0.0,1
49.0,123583.0,49.4,7.33,True,False,True,14.84,False,0.0,-0.1600000000000001,0.0,1
49.0,123533.0,61.4,8.64,True,False,True,14.07,False,0.0,-0.9299999999999996,0.0,1
49.0,123472.0,68.7,9.8,False,True,True,14.26,False,0.0,-0.7400000000000002,0.0,1
49.0,123403.0,67.1,10.0,False,True,True,14.6,False,0.0,-0.4000000000000003,0.0,1
49.0,123336.0,10.5,5.13,False,False,True,14.6,False,0.0,-0.4000000000000003,0.0,1
49.0,123325.0,47.3,3.1,True,False,True,14.6,False,0.0,-0.4000000000000003,0.0,1
49.0,123278.0,46.7,6.67,True,False,True,14.28,False,0.0,-0.7200000000000006,0.0,1
49.0,123231.0,48.3,6.58,True,False,True,13.62,False,0.0,-1.3800000000000008,0.0,1
49.0,123183.0,51.0,7.71,True,True,True,15.12,False,0.0,0.1199999999999992,0.0,1
49.0,123132.0,50.3,7.31,True,False,True,14.53,False,0.0,-0.4700000000000006,0.0,1
49.0,123082.0,53.6,7.3,True,False,True,13.62,False,0.0,-1.3800000000000008,0.0,1
49.0,122954.0,55.6,8.32,True,False,True,14.96,False,0.0,-0.0399999999999991,0.0,1
49.0,122898.0,52.9,7.58,True,False,True,14.33,False,0.0,-0.6699999999999999,0.0,1
49.0,122845.0,63.9,9.91,True,False,True,15.51,False,0.0,0.5099999999999998,0.0,1
49.0,122781.0,52.4,8.05,True,False,True,15.36,False,0.0,0.3599999999999994,0.0,1
49.0,122672.0,52.7,8.22,True,False,True,15.6,False,0.0,0.5999999999999996,0.0,1
49.0,122619.0,57.6,8.36,True,False,True,14.51,False,0.0,-0.4900000000000002,0.0,1
49.0,122561.0,49.1,7.14,True,False,True,14.54,False,0.0,-0.4600000000000008,0.0,1
49.0,122416.0,52.6,7.03,True,False,True,13.37,False,0.0,-1.6300000000000008,0.0,1
49.0,122363.0,51.7,7.04,True,False,True,13.62,False,0.0,-1.3800000000000008,0.0,1
49.0,122312.0,50.0,6.9,True,False,True,13.8,False,0.0,-1.1999999999999993,0.0,1
49.0,122262.0,52.8,7.0,True,False,True,13.26,False,0.0,-1.7400000000000002,0.0,1
49.0,122209.0,67.5,9.16,True,False,True,13.57,False,0.0,-1.4299999999999995,0.0,1
49.0,122047.0,71.8,9.81,True,False,True,13.66,False,0.0,-1.34,0.0,1
49.0,121976.0,70.6,10.12,True,False,True,14.33,False,0.0,-0.6699999999999999,0.0,1
49.0,121905.0,46.6,6.56,True,False,True,14.08,False,0.0,-0.92,0.0,1
49.0,121858.0,39.0,5.62,True,False,True,14.41,False,0.0,-0.5899999999999999,0.0,1
49.0,121819.0,23.2,5.67,True,False,True,12.60933549432739,False,0.0,-2.3906645056726092,0.0,1
49.0,121796.0,43.3,6.042584269662921,True,False,True,12.60933549432739,False,0.0,-2.3906645056726092,2.0,1
49.0,121695.0,78.4,6.5,True,False,True,13.4,False,0.0,-1.5999999999999996,0.0,1
49.0,121616.0,66.4,8.91,True,False,True,13.42,False,0.0,-1.58,0.0,1
49.0,121550.0,50.3,6.93,True,False,True,13.78,False,0.0,-1.2200000000000006,0.0,1
49.0,121500.0,48.4,6.93,True,False,True,14.32,False,0.0,-0.6799999999999997,0.0,1
49.0,121402.0,54.0,7.25,True,False,True,13.43,False,0.0,-1.5700000000000005,0.0,1
49.0,121348.0,49.1,7.22,True,False,True,14.7,False,0.0,-0.3000000000000007,0.0,0
49.0,121299.0,48.1,6.33,True,False,True,13.16,False,0.0,-1.84,0.0,0
49.0,121251.0,50.3,6.69,True,False,True,13.3,False,0.0,-1.6999999999999993,0.0,0
49.0,121150.0,53.1,7.06,True,False,True,13.3,False,0.0,-1.6999999999999993,0.0,0
49.0,121097.0,50.5,6.76,True,False,True,13.39,False,0.0,-1.6099999999999994,0.0,0
49.0,121046.0,74.9,10.08,True,True,True,13.46,False,0.0,-1.5399999999999991,2.0,0
49.0,120971.0,52.2,6.73,True,False,True,12.89,False,0.0,-2.1099999999999994,0.0,0
49.0,120918.0,51.5,6.8,True,False,True,13.2,False,0.0,-1.8000000000000007,0.0,0
49.0,120712.0,73.3,10.2,False,True,True,10.46,False,0.0,-4.539999999999999,0.0,0
49.0,120639.0,74.3,7.89,False,True,False,10.46,False,0.0,-4.539999999999999,0.0,0
49.0,120465.0,49.7,11.2,False,True,True,11.64,False,0.0,-3.3599999999999994,0.0,0
49.0,120415.0,62.0,6.0,False,True,False,11.64,False,0.0,-3.3599999999999994,0.0,0
49.0,120353.0,75.4,6.13,False,True,False,11.64,False,0.0,-3.3599999999999994,0.0,0
49.0,120277.0,72.0,6.7,False,True,True,11.64,False,0.0,-3.3599999999999994,0.0,0
49.0,120205.0,29.4,3.56,True,False,True,11.64,False,0.0,-3.3599999999999994,0.0,0
49.0,120176.0,47.8,6.16,True,False,True,12.89,False,0.0,-2.1099999999999994,0.0,0
49.0,120128.0,52.4,6.58,True,False,True,12.56,False,0.0,-2.4399999999999995,0.0,0
49.0,120076.0,60.4,7.19,True,False,True,11.9,False,0.0,-3.1,0.0,0
49.0,120015.0,53.2,6.58,True,False,True,12.37,False,0.0,-2.630000000000001,0.0,0
49.0,119962.0,65.1,8.32,True,True,True,12.78,False,0.0,-2.2200000000000006,0.0,0
49.0,119897.0,17.7,4.83,True,False,True,12.6,False,0.0,-2.4000000000000004,0.0,0
49.0,119879.0,44.3,3.0,True,False,True,12.6,False,0.0,-2.4000000000000004,0.0,0
49.0,119835.0,47.4,5.95,True,False,True,12.6,False,0.0,-2.4000000000000004,0.0,0
49.0,119787.0,21.6,8.7,True,False,True,11.81,False,0.0,-3.1899999999999995,0.0,0
49.0,119766.0,85.9,4.0,True,False,True,11.81,False,0.0,-3.1899999999999995,0.0,0
49.0,119680.0,56.9,6.94,True,False,True,12.2,False,0.0,-2.8000000000000007,0.0,0
49.0,119558.0,65.0,3.51,False,True,True,13.23,True,0.0,-1.7699999999999996,0.0,0
49.0,119428.0,65.1,5.43,False,True,True,13.56,False,0.0,-1.4399999999999995,2.0,0
49.0,119363.0,45.8,6.5,True,False,True,14.19,False,0.0,-0.8100000000000005,0.0,0
49.0,119317.0,74.8,10.78,True,False,True,12.35,False,0.0,-2.6500000000000004,0.0,0
49.0,119242.0,67.6,6.8,True,False,True,12.35,False,0.0,-2.6500000000000004,0.0,0
49.0,119175.0,48.2,6.16,True,False,True,12.78,False,0.0,-2.2200000000000006,0.0,0
49.0,119021.0,72.0,8.69,True,False,True,12.07,False,0.0,-2.93,0.0,0
49.0,118949.0,48.1,5.62,True,False,True,11.68,False,0.0,-3.3200000000000003,0.0,0
49.0,118901.0,63.2,8.56,True,True,True,13.54,False,0.0,-1.4600000000000009,0.0,0
49.0,118837.0,50.3,7.3,True,True,True,14.51,False,0.0,-0.4900000000000002,2.0,0
49.0,118687.0,43.8,5.44,True,False,True,12.42,False,0.0,-2.58,0.0,0
49.0,118643.0,60.8,7.45,True,False,True,12.25,False,0.0,-2.75,0.0,0
49.0,118583.0,56.9,6.95,True,False,True,12.21,False,0.0,-2.789999999999999,0.0,0
49.0,118526.0,50.2,7.32,True,True,True,14.58,False,0.0,-0.4199999999999999,2.0,0
49.0,118367.0,11.3,4.83,True,False,True,11.33,False,0.0,-3.67,0.0,0
49.0,118355.0,58.6,7.63,False,True,True,11.33,False,0.0,-3.67,0.0,0
49.0,118297.0,62.2,2.51,True,False,True,11.33,False,0.0,-3.67,0.0,0
49.0,118021.0,75.1,0.7,False,True,False,11.43,False,0.0,-3.5700000000000003,0.0,0
49.0,117946.0,77.8,6.79,False,True,True,11.43,False,0.0,-3.5700000000000003,0.0,0
49.0,117868.0,59.5,8.0,False,True,True,11.43,False,0.0,-3.5700000000000003,0.0,0
49.0,117710.0,55.9,6.23,False,True,True,11.43,False,0.0,-3.5700000000000003,0.0,0
49.0,117654.0,46.4,7.7,False,True,True,11.43,False,0.0,-3.5700000000000003,0.0,0
49.0,117608.0,47.4,3.7,True,False,True,11.43,False,0.0,-3.5700000000000003,0.0,0
49.0,117560.0,89.8,8.47,False,True,True,11.43,False,0.0,-3.5700000000000003,0.0,0
49.0,117471.0,41.2,4.15,True,True,False,11.43,False,0.0,-3.5700000000000003,0.0,0
49.0,117356.0,66.7,5.14,True,True,True,11.43,False,0.0,-3.5700000000000003,0.0,0
49.0,117218.0,54.7,4.04,False,True,False,12.02,False,0.0,-2.9800000000000004,0.0,0
49.0,117055.0,43.3,7.43,True,False,True,12.26,False,0.0,-2.74,0.0,0
49.0,117012.0,50.4,4.06,True,False,True,12.26,False,0.0,-2.74,0.0,0
49.0,116961.0,62.3,7.92,False,True,True,10.35,False,0.0,-4.65,0.0,0
49.0,116899.0,70.7,8.7,False,True,False,10.35,False,0.0,-4.65,0.0,0
49.0,116828.0,65.3,3.9,True,True,True,10.35,False,0.0,-4.65,0.0,0
49.0,116651.0,38.8,5.64,True,True,True,14.54,False,0.0,-0.4600000000000008,0.0,0
49.0,116612.0,5.6,10.48,True,False,False,11.44,False,0.0,-3.5600000000000005,0.0,0
49.0,116607.0,70.0,3.0,False,True,False,11.44,False,0.0,-3.5600000000000005,0.0,0
49.0,116537.0,82.1,7.79,False,True,True,11.44,False,0.0,-3.5600000000000005,0.0,0
49.0,116358.0,56.7,10.2,False,True,False,11.44,False,0.0,-3.5600000000000005,0.0,0
49.0,116201.0,58.3,9.0,False,True,False,11.44,False,0.0,-3.5600000000000005,0.0,0
49.0,116143.0,75.9,8.0,False,True,False,11.44,False,0.0,-3.5600000000000005,2.0,0
49.0,116067.0,76.6,7.31,False,True,True,11.44,False,0.0,-3.5600000000000005,2.0,0
49.0,115990.0,47.2,5.68,True,False,True,12.03,False,0.0,-2.9700000000000006,0.0,0
49.0,115867.0,74.9,7.18,False,True,False,12.88,False,0.0,-2.119999999999999,0.0,0
49.0,115792.0,87.1,7.7,False,True,True,11.34,False,0.0,-3.66,0.0,0
49.0,115705.0,76.0,8.0,False,True,False,11.34,False,0.0,-3.66,0.0,0
49.0,115629.0,76.0,6.64,False,True,False,11.34,False,0.0,-3.66,2.0,0
49.0,115357.0,88.2,10.61,True,False,True,12.03,True,0.0,-2.9700000000000006,0.0,0
49.0,115172.0,82.8,9.9,True,False,True,11.96,True,0.0,-3.039999999999999,0.0,0
49.0,115089.0,12.4,5.68,True,False,True,10.91,False,0.0,-4.09,0.0,0
49.0,115077.0,29.3,4.0,True,False,True,10.91,True,0.0,-4.09,0.0,0
49.0,114952.0,45.5,10.4,False,True,True,12.64,False,0.0,-2.3599999999999994,0.0,0
